,Unnamed: 0,nama,komentar,rating,kelas
0,0,Adikrisna,"Admin responsif mantap, untuk barang memang ada harga ada barang, tapi overall sip!",5,Sangat-baik
1,1,Adhan,"laptop agak cepet panas, barang lengkap semoga awet",5,Sangat-baik
2,2,Heri,"Untuk pemakaian kerja ringan seperti mengetik dan browsing perangkat ini sudah sangat memadai, boleh dikatakan lebih dari cukup. Pengiriman cepat sampai, terimakasih sell... ",5,Sangat-baik
3,3,oca,makasiiiii,5,Sangat-baik
4,4,A***d,Bagus,5,Sangat-baik
5,5,j***o,mantapppp,5,Sangat-baik
6,6,nurmala,pelayanan nya ramahâ¤,5,Sangat-baik
7,7,Jannatun,"Saya beli untuk anak. Dan anak pun suka. Mudah dioperasikan, bahannya bagus. Top!",5,Sangat-baik
8,8,wegig,"bagus produknya, dan sesuai untuk pekerjaan2 yg tidak membutuh aplikasi yg berat2...",5,Sangat-baik
9,9,P***u,Ketika barang sampai saya merasa puas sebab barang benar-benar mulus. Ekspektasi terhadap chromebook membuat saya sangat antusias. laptop juga tidak terkesan murahan. goo... ,5,Sangat-baik
10,10,Arif,ManTRAPS,5,Sangat-baik
11,11,N***m,Mantaap kualitas bagus barang cepat nyampe juga,5,Sangat-baik
12,12,C***s,Terima kasih,5,Sangat-baik
13,13,Julfandes,"Puas banget sama pelayannya, returnnya juga mudah dan tidak dipersulit. Baru pertama kali beli laptop eh kena Hot Pixel, untung masih bisa direturn dengan syarat vido unb... ",5,Sangat-baik
14,14,Tentra,"Bekerja dengan baik laptopnyaâ€¦ lalu untuk packaging aman, cm mgkn buat ke depannya bs lebih tebal lagi wrap nya. Ketika barang sudah sampai kalau bs ada bukti foto yang n... ",5,Sangat-baik
15,15,F***e,"tidak menyesal beli di toko ini.. : 1. respon cepat 2.barang di pack rapi dan di buble wrap 3.brg mulus tiba di buyer 4.utk kualitas brg: performa bagus, bentuk compact,... ",5,Sangat-baik
16,16,Sapto,Semoga awet. Mantap.,5,Sangat-baik
17,17,kinderjoy,Value for money,5,Sangat-baik
18,18,ahdiyat,"Sempat kena drama keluh kesah belanja online, tapi seller sangat responsif menyelesaikan masalah gak pake ribet. Untuk pelayanan, top notch juara pisan. Kalo laptopnya g... ",5,Sangat-baik
19,19,adiptawf,Proses cepat,5,Sangat-baik
20,20,I***a,"Sesuai ekspektasi. Performanya lancar jaya walaupun chipsetnya, ya tau sendiri lah. Secara keseluruhan memuaskan, walaupun minusnya mungkin di speaker yang kurang bisa le... ",5,Sangat-baik
21,21,Adam,Produk nya berkualitas.Â Produknya recommended dan berkualitas!.Â Produk mantap..Pengiriman juga cepat.. Packing aman Jaya..Terima kasih bos.. Sukses selaluğŸ™ğŸ™ğŸ‘ğŸ‘,5,Sangat-baik
22,22,Woen,"Build quality bagus, performa utk chromebook kencang, desain lumayan, seller komunikatif",5,Sangat-baik
23,23,Antonio,Ini adalah pertama kalinya saya beli chromebook. Berawal dari review gadgetin ttg benda satu ini dari toko satu ini lalu david gadgetin bilang buat apa beli laptop mahal... ,5,Sangat-baik
24,24,r***a,"sudaah sampaii niihh, suka bgt smaa kakanyaaa sabarr ngadepin chat aku ehehe besttt bgtt dehh terimakasiih puass bgtt ğŸ¥°ğŸ¥°",5,Sangat-baik
25,25,H***l,"bagus, mulus gak ngelag, ringan",5,Sangat-baik
26,26,Tegar,"barang oke , recommended seller",5,Sangat-baik
27,27,Samuel,â¤ï¸â¤ï¸,5,Sangat-baik
28,28,Siti,"Mantap min, paket sampai dengan aman. Sesuai ekspektasi.",5,Sangat-baik
29,29,e***a,Barang datangnya cepet sekali. Sudah sampai dan langsung dipakai buat kerja. Ini laptop harga 1jtan tapi cepet banget dibandingkan laptop windows 5jtan saya ğŸ‘ğŸ»,5,Sangat-baik
30,30,N***a,"sampai dengan amann, gercep banget utk seller dan ekspedisinya. langsung di proses dan langsung sampai. paket juga aman",5,Sangat-baik
31,31,Ridho,Sesuai ekspektasi,5,Sangat-baik
32,32,Adityo,"cocok untuk orang yang bener"" tau tujuannya beli laptop ini untuk apa ğŸ˜ğŸ™",5,Sangat-baik
33,33,I***d,sesuai ekspektasi... kirain pakai wifi rumahan g bisa ternyata bisa....ITS ok lah,5,Sangat-baik
34,34,Moh,ok good,5,Sangat-baik
35,35,Yoanfara,"Alhamdhulillah bgs barangnya video unboxingnya menyusul, overall bgs cocok utk kerja edit tipis dan foto, makasih gan ğŸ˜ğŸ™ğŸ‘",5,Sangat-baik
36,36,Aning,"untuk crhome book harga segini lumayan lah, cuma kesan pertama agak panas aja.",5,Sangat-baik
37,37,Yuliyanti,"mantap performa keren. wuzz, build Quality kalau merk hp mah gk usah di ragukan lah",5,Sangat-baik
38,38,Daru,"Barang sesuai pesanan, barang Ori disertai dengan Garansi 1 tahun, sistem berjalan dengan baik, terima kasih",5,Sangat-baik
39,39,A***f,"barang bagus, pengiriman cepat.",5,Sangat-baik
40,40,Lkp,ğŸ‘ğŸ‘ğŸ‘ğŸ‘ğŸ‘,5,Sangat-baik
41,41,Priyo,"Entah kenapa pengiriman berkendala. Kemasan cukup baik. Produk sesuai deskripsi, berfungsi dg baik ğŸ‘",5,Sangat-baik
42,42,Handoko,Alhamdulillah barang sesuai pesanan mudah mudahan awet bisa buat kerja dan nonton jangka lama,5,Sangat-baik
43,43,K***k,Packing cukup aman pakai bubblewrap. Barang oke untuk harganya tinggal penyesuaian penggunaan. Port usb a dan usb c cukup banyak untuk kelasnya. Baterai irit. Performa bu... ,5,Sangat-baik
44,44,F***z,alhamdullillah,5,Sangat-baik
45,45,A***p,mendarat dengan selamat,5,Sangat-baik
46,46,P***i,"bagus rekomeded DECH seller ini ,, fast respon dan respect banget terimakasih kak seller next beli lagi di toko ini selalu amanah ya terima kasih",5,Sangat-baik
47,47,Delviadi,,5,Sangat-baik
48,48,Oki,,5,Sangat-baik
49,49,A***a,,5,Sangat-baik
50,50,R***a,"Tidak cocok untuk mahasiswa, itu aja",4,Baik
51,51,D***i,cocok buat kebutuhan office. ada kendala minus belum dapat mouse tapi segera diproses buat pengirimannya. lebih rekomen pakai ms office online daripada install aplikasi.,4,Baik
52,52,rian,barang bagus peking nya aman,4,Baik
53,53,Arif,"Sempat dikirim barang yang bermasalah, akhirnya di retur dan dikirim yang baru, agak bikin males karna harus nunggu lama lagi, no bonus, Semoga Awet.",4,Baik
54,54,f***i,cukup bagus,4,Baik
55,55,Muhammad,Barang sudah di Terima kemarin. aman..,4,Baik
56,56,Ika,Ada kendala sedikit. Kurang dicek kelengkapan barang ketika dikirimkan. Mohon di upgrade pelayanan nya.,4,Baik
57,57,M***M,"oke.. pemakaian enteng cukup oke, tapi sayang cuma bisa buka 2 akun saja nggak bisa lebih butuh bibit tanaman cek ""Agro Bibit Sentosa""",4,Baik
58,58,wedhy,kondisi layar tidak normal ada bagian putihÂ² disetiap sudut,4,Baik
59,59,F***r,mantap gannğŸ‘ğŸ»,4,Baik
60,60,Agus,"Paket sdh diterima dg baik, berjalan normal. Hanya bagian sudut2 layar ada cahaya putih spt pernah tertekan layarnya.",4,Baik
61,61,H***a,"Seller gercep & responsif. Packing plastik tanpa lapisan bubble wrap. ğŸ˜” Bundle normal = Bundle FS, tanpa ms office hanya beda harga ğŸ˜© 160 GB = 32 GB E-mmc + 128 GB... ",4,Baik
62,62,B***g,pengiriman cepat & packing aman,4,Baik
63,63,A***i,"Begitu ada kendala, langsung direspon dengan baik oleh penjualnya",4,Baik
64,64,Dwi,"alhamdullilah brng nya bgus sih,,tp pngiriman nya agak lama,,,tlng kdpn nya LBH baik lg dan respon nya jga LBH cpet.",4,Baik
65,65,Vivien,Diberi 4 bintang karena masih menunggu free mouse yang tidak dikirim bareng laptop.,4,Baik
66,66,Priyanto,kurang optimal..,4,Baik
67,67,S***r,"Performa nya lumayan untuk dipakai kerja ringan seperti mengetik, build quality agak kurang di touchpadnya yang kurang solid, overall sesuai harga untuk tokonya bintang... ",4,Baik
68,68,Efien,papan mouse kalau ditekan ada bunyi,4,Baik
69,69,Rangga,pengiriman cepat,4,Baik
70,70,aditia,lumayan,4,Baik
71,71,A***i,kecewa sama pelayanan toko... Janji jumat bisa pickup baru sabtu diproses pickup.. Hasilnya saya harus ambil barang di gerai karena dibutuhkan hari itu jg. Lain kali Lai... ,4,Baik
72,72,Eric,Seller cepat respon dan kirim Overall barang bagus.. Setelah dicek online katanya Battery tahan sampe 10 jam.. Tapi blm coba.. Cuman pas di tanyain tas nya katanya lagi... ,4,Baik
73,73,aditia,lumayan,4,Baik
74,74,A***i,kecewa sama pelayanan toko... Janji jumat bisa pickup baru sabtu diproses pickup.. Hasilnya saya harus ambil barang di gerai karena dibutuhkan hari itu jg. Lain kali Lai... ,4,Baik
75,75,Eric,Seller cepat respon dan kirim Overall barang bagus.. Setelah dicek online katanya Battery tahan sampe 10 jam.. Tapi blm coba.. Cuman pas di tanyain tas nya katanya lagi... ,4,Baik
76,76,attha,"paket datang tanpa ada packing kayu, padahal isinya barang elektronik, buat kedepan nya tolong di packing kayu, karna biaya proteksi nya lumayan mahal kalo hanya packing... ",3,Biasa
77,77,R***y,"Laptopnya ga pernah smp k tgn sy, ktnya krm pake kurir toko tau2 bermasalah dan ga pernah terima brg",1,Sangat-buruk
78,78,toni,payah,1,Sangat-buruk
79,79,Ameyraa,"Sudah ajukan complain di tolak dengan alasan pesanan sudah selesai, pd hal sudah sesuai arahan buat video unboxing pada saat barang di terima SD-2-0HY7BBUNJSVSNXOYO3KC",1,Sangat-buruk
80,80,Hasan,,1,Sangat-buruk
81,81,B***i,"kurir nya tlg di tegur , kl Naro brg jgn asal taro aja apalagi isi nya laptop , dah d info ke toko kl sy ga ada d rmh , minimal itu kurir telp dlu ..kl brg itu d curi ora... ",2,Buruk
82,82,A***e,bisa diberikan penjelasan bahwa laptop tidak bisa install Microsoft Office.,2,Buruk
83,83,jeffry,barang yg pertama dibagian bawah warna agak buram. barang yg kedua tidak plastik transparan yg menempel pada bagian atas chromebook. saya merasa barangnya seperti bukan b... ,2,Buruk
84,84,Andhi,,2,Buruk
85,85,Dewantara,gak dpt cashback 500rb hemmm,3,Biasa
86,86,Hansen,"Produk bagus garansi resmi, sayang pelayanan masih kurang, pesan minggu janji senin dikirim, ternyata selasa dikirim rabu sampainya, padahal paket JNE YES",3,Biasa
87,87,M***n,"+ produk mulus tersegel dan berfunsi dengan baik - pelayanan seller kurang memuaskan, pesan jumat, dikirim senin malam. Seharusnya jika tidak bisa kirim hari jumat, bilan... ",3,Biasa
88,88,S***l,pengiriman lambat,3,Biasa
89,89,Nurul,Barang bagus sesuai dengan deskripsi produk,5,Sangat-baik
90,90,Rahadian,"packing rapih dan aman, laptop berfungsi baik, pelayanan cepat",5,Sangat-baik
91,91,Mulyadi,Alhamdulilah barang tiba dengan cepat.. barang ok,5,Sangat-baik
92,92,Titiek,sudah di terima dengan baik dan sesuai. hanya terkendala di pengiriman yg cukup meresahkan dan lama. karena tracking tidak jalan. but overall jkt - bali aman. pakai asura... ,5,Sangat-baik
93,93,sophia,mmmmmmmmmaaaaaaaaannnnnnnnnnnntttttttaaaaaabbbbbbbbb,5,Sangat-baik
94,94,I***n,"datengnya cepet dan barang'nya original, fast respon, official store emang the best",5,Sangat-baik
95,95,Deannissa,"Pengirimannya cepat, walaupun pakai yang reguler. Packaging aman, anti basah padahal udah deg2an musim hujan. Desain laptopnya bagus, simple but elegant. Dapet tas laptop... ",5,Sangat-baik
96,96,B***y,Puji Tuhan barangnya sudah diterima malam ini juga jam 10mlm. toko responsif. semoga bermanfaat utk anak saya dlm pendidikannya. utk pak Suwandi driver grab semoga sehat... ,5,Sangat-baik
97,97,A***w,Laptopnya oke ğŸ‘ specs sesuai .. setelah pemakaian 3 Minggu lancar jaya ..,5,Sangat-baik
98,98,N***i,good pokonya recommended bgt nih laptop pesan tadi siang jam 6 sore sampai. respon cs sangan baik n sabar .kurir cepat good pokonya,5,Sangat-baik
99,99,Asep,keren si... mantappppppppppppppppppppp dahhh gk diragukan lagi... keren keren keren,5,Sangat-baik
100,100,Elwimetri,overall good... recommended sellers... thanks alot,5,Sangat-baik
101,101,Captaw,"Original, berfungsi dengan baik, Windows OHS ori, dapat free tas dan cashback gopay...",5,Sangat-baik
102,102,G***a,pengiriman cepat barang sampai dengan aman,5,Sangat-baik
103,103,P***i,"Pengiriman barang agak lambat karena ada dibatalkan oleh kurir ekspedisi, pengecekan dan review kualitas barang menunggu penerima balik dari tugas luar kota.",5,Sangat-baik
104,104,A***e,"kerasa kualitasnya, desain nya mewah, dll",5,Sangat-baik
105,105,Hermawan,barangnya bagus smga awet,5,Sangat-baik
106,106,e***a,Barang cepat sampai. Dapet discount. Jauh lbh murah,5,Sangat-baik
107,107,D***y,Packing rapi dan barang sampai dengan selamat mantap ğŸ‘ğŸ¼ğŸ‘ğŸ¼,5,Sangat-baik
108,108,K***k,"masyaallah... barangnya bner bner gress, tanpa ada cacat sdkitpun, smpet degdegan juga sih krna tkt trjdi hal apa, tapi alhmdulillah barang slmat smpai k tangan,, smoga... ",5,Sangat-baik
109,109,kembar,Mantap,5,Sangat-baik
110,110,A***s,Alhamdulillah mantul dikirim dengan cepat dan selamat. terima kasih bisa dipakai semoga awet. thank you toped dan antaraja,5,Sangat-baik
111,111,S***a,Great lappie with reasonable price. Spectacular!,5,Sangat-baik
112,112,Eric,"Diprosesnya cepat, pengantarannya juga cepat & lancar, customer service cepat responsenya.",5,Sangat-baik
113,113,M***r,"Barangnya cepat diterima dengan kondisi baik, terlebih produknya sesuai dengan harapan. Terima kasih ya",5,Sangat-baik
114,114,F***l,"laptop yang murah tapi mantap. Sayangnya pengiriman instan ternyata baru tiba 7 jam sejak dipesan, karna seller lama komfirmasi ordernya.",5,Sangat-baik
115,115,B***V,Baru pertama beli di toko ini . Seller fast response. Langsung diproses. Recommended seller. Semoga awet barangnya. Terima kasih,5,Sangat-baik
116,116,Joice,rekomendasi banget,5,Sangat-baik
117,117,devdan,barang bagus. selamat sampai tujuan. cuma agak ribet di bagian daftar emailnya.,5,Sangat-baik
118,118,Rika,"overall semua berfungsi normal, windows+office, desainnya jg bagus recommended bgt buat kerja2 kantoran",5,Sangat-baik
119,119,R,"Packaging rapi dan aman, barang sesuai ekspektasi, mulus tanpa cacat, berfungsi dengan sejauh ini. Agak lambat performanya, bisa di maklumi karena intel celeron.",5,Sangat-baik
120,120,B***i,sippp mantabbb... paking aman... barang mulus...desainya bagus.... berfungsi dengan baik...semoga awet...,5,Sangat-baik
121,121,Andi,Terbaik,5,Sangat-baik
122,122,Agung,mantap,5,Sangat-baik
123,123,I***l,barang nya sampai dengan selamat. semoga awet,5,Sangat-baik
124,124,Agustina,"Alhamdulillah paket sampai dengan selamat, pengirimannya cepat. Tampilan ok",5,Sangat-baik
125,125,Putra,Terima kasih pesanan sudah sampai sangat cepat sekali dan terima kasih kurir nya sangat ramah sekali,5,Sangat-baik
126,126,umi,Packing rapi. pengiriman cepat,5,Sangat-baik
127,127,Clay,Pengiriman cepat dan aman. Semoga awet.,5,Sangat-baik
128,128,D***i,Keren. Price for value banget. Dapat windows 11 and office.,5,Sangat-baik
129,129,ASP,"sesuai deskripsi, kualitas baik, original",5,Sangat-baik
130,130,yan,"pengiriman aman sekali, mantap, admin ramah",5,Sangat-baik
131,131,Kevin,"barangmya bagus, pengiriman cepat",5,Sangat-baik
132,132,M,,5,Sangat-baik
133,133,Ninik,,5,Sangat-baik
134,134,NOVARIA,,5,Sangat-baik
135,135,S***i,,5,Sangat-baik
136,136,Sahrul,,5,Sangat-baik
137,137,R***n,,5,Sangat-baik
138,138,Tatan,,5,Sangat-baik
139,139,Taufik,baru dicoba ON belum dijelajahi....oh enteng bener ya dibawa ke kampus tidak menjadi beban,4,Baik
140,140,Cecep,product ori dan sesuai display,4,Baik
141,141,R***a,"puas banget sama pelayanan toko nya, barangnya juga bagus banget. cuman agak kecewa sama pihak ekspedisi, mudah mudahan kedepannya ga gitu lagi..",4,Baik
142,142,fatma,"packing bagus, barang ori, dapat tas laptop jg cuma pengiriman sempat terhambat jd melebihi batas waktu. harus setting online pas pertama nyalain",4,Baik
143,143,P***i,"lumayan cepet datengnya, pengemasan lumayan aman pakai bubble wrap nya lumayan tebel, btw thank you",4,Baik
144,144,fictor,Mmhh pengiriman aga lama mungkin karna lagi bersamaan sama libur paskah.. dus luarnya penyot2 takutnya barang rusak. Untungnya dus laptop di bungkus rapat aman dan baik..... ,4,Baik
145,145,R***a,"ok, barang mulus",4,Baik
146,146,A***g,"Pengiriman cepat, packing laptopnya rapi rapet masih gress... Cuma kardus luarnya kebuka kurang rapet lakbannya.",4,Baik
147,147,Sahid,"alhamdulillah paket datang tepat waktu, maaf telat kasih ulasannya. produk original, karena dari official HP langsung. packing sebetulnya sudah bagus, tapi karena dibawa... ",4,Baik
148,148,D***N,"baru 1 hari wifi ga terdeteksi, part WLAN rusak, kl penanganan di service center ga sesuai harapan, bintang 1 deh dan ga akan lagi beli produk hp.",3,Biasa
149,149,Dody,"pengiriman sangat lama, hampir sebulan baru barangnya tiba, dusnya sampe udah penyok. respon adminnya sangat baik, tapi jasa kurirnya yg mungkin harus diperhatikan.",3,Biasa
150,150,,,3,Biasa
151,151,,,3,Biasa
152,152,,,3,Biasa
153,153,,,3,Biasa
154,154,,,3,Biasa
155,155,,,3,Biasa
156,156,,,3,Biasa
157,157,Rajiman,"Barang bagus ,admin nya kaku cuman balas pake format copy paste. Packing laptop tidak ada tambahan kayu dan beresiko",2,Buruk
158,158,Jovi,,2,Buruk
159,159,Muhammad,"Barangnya ok, tapi Customer Servicenya merendahkan saya. Sampe nyuruh beli Core i5 kalo mau cepet... coba atasan/timnya baca chat dgn saya yg lengkap, akan ketauan.",1,Sangat-buruk
160,160,Fachrur,"Office nya cuma berlaku beberapa hari dan saya dilempar2 utk telfon sana sini dan TIDAK MEMBANTU, suruh tunggu 4-5 hari kerja sementara office nya cuma berakhir 2 hari la... ",1,Sangat-buruk
161,161,Benny,,1,Sangat-buruk
162,162,f***d,,1,Sangat-buruk
163,163,M***d,"Fast respon dan barang bnib, sy sdh beberapakali belanja di toko ini dan tidak pernah mengecewakan",5,Sangat-baik
164,164,Yovinus,"Mantap Jiwa deh pokoknya, aktif ngebalas, dan sellernya ramah",5,Sangat-baik
165,165,A***i,best cepet banget pesen jam 1 sore jam 5 sampe,5,Sangat-baik
166,166,E***h,barangnya okee pengiriman jg cepat krn pake instant. sayangnya segel box laptop udah kekupas sedikit dan box penyok (bukan kesalahan kurir) garansi di website apple sisa... ,5,Sangat-baik
167,167,Anessa,"mantulll... pengiriman cepat, ke papua kurang dari 1 minggu. barang aman meski cuma pake bubble wrap. barang ori. chat seller responsif. recomended seller ğŸ‘",5,Sangat-baik
168,168,M***z,"seller fast respond, macbook nya garansi blm jalan packingnya jg aman karna pake packing kayu",5,Sangat-baik
169,169,R***d,Brg sesuai pesanan ğŸ‘ğŸ¼,5,Sangat-baik
170,170,H***z,Barang baru sesuai dengan informasi,5,Sangat-baik
171,171,Young,Bagus banget udah 2 buln di pakai gada kendala,5,Sangat-baik
172,172,H***i,"seller sangat responsif saat ada pertanyaan merupakan nilai plus. Barang mulus, cycle count baru 6 dan masih dapat garansi sampai oktober 2023",5,Sangat-baik
173,173,L***d,"kualitas sangat bagus dan sesuai, barang baru dan masih garansi, meskipun barang cpo namun semua berfungsi dengan baik seperti baru, seller pro aktif",5,Sangat-baik
174,174,M***i,cepat. kirim.ke jogja aman gak ada yg penyok karena full bubble dan tercover kadus dari toko. jadi kardus apple aman. barang juga aman,5,Sangat-baik
175,175,Flinn,"Pengirimin cepat, walaupun plastik segel terbuka sedikit namun setelah di cek laptop original dan aman.",5,Sangat-baik
176,176,L***y,ğŸ«¶ğŸ»ğŸ«¶ğŸ»ğŸ«¶ğŸ»ğŸ«¶ğŸ»ğŸ«¶ğŸ»ğŸ«¶ğŸ»,5,Sangat-baik
177,177,Fandhy,"macbook m1 2020 inter, kualitas oke",5,Sangat-baik
178,178,A***y,Mantaappp produknya original dan sesuai. Proses pemesanan cepat dan dipacking pake bubble warpnya aman sekali. Terimakasih!!,5,Sangat-baik
179,179,Jenshiang,"mantep lah, tapi belum seminggu beli udah diajak kecelakaan sama yang punya ğŸ¤£",5,Sangat-baik
180,180,Gilang,"Packing tebel, mantap semoga maxwin gan",5,Sangat-baik
181,181,Hilarius,barang segel mantap,5,Sangat-baik
182,182,M***d,Walaupun box ada sedikit penyok tapi unit aman dan penjual sangat responsif dan komunikatif,5,Sangat-baik
183,183,Yudha,"Respon nya sangat baik, so far blm ada kendala ya di laptopnya . Sukses !",5,Sangat-baik
184,184,kinoy,"setelah seminggu lebih pemakaian tidak ada masalah, admin juga fast respon. pengiriman cepat",5,Sangat-baik
185,185,Z***h,barangnya mulus seperti baru,5,Sangat-baik
186,186,s***a,Thank you for your job) All is good!),5,Sangat-baik
187,187,B***s,Pengiriman cepat dan aman walau ketika datang kondisi kotak sedikit penyok di salah satu sudut kotak. Namun kondisi macbook masih aman. Bonus hardshell case dan keyboard... ,5,Sangat-baik
188,188,M***a,"Produk sampai dengan selamat, keren behh...",5,Sangat-baik
189,189,Nenden,So far super satisfied,5,Sangat-baik
190,190,S***s,Pembelian ketiga dari toko ini. Semuanya memuaskan. Kali ini bonus langsung dikirim bersama macbooknya. Thanks,5,Sangat-baik
191,191,mohammad,"seller sangat responsif, pengemasan dan pengiriman sangat cepat, barang bnib dan berfungsi dengan baik, mantapğŸ‘ğŸ»",5,Sangat-baik
192,192,R***y,pelayanan dan barang oke bgttt,5,Sangat-baik
193,193,Ardyan,Baru dibuka dan normal jaya semuanya.,5,Sangat-baik
194,194,Sulthoni,"Pengiriman cepat, packing tebal walau luar kota tetap aman, barang ori. admin nya juga fast response, ga salah pilih toko ini. smoga usahanya makin lancarr",5,Sangat-baik
195,195,N***l,"Puji Tuhan barang aman dan ori ğŸ’¯%, sudah di cek serial numbernya dan terdaftar walaupun garansinya sudah berjalan kurang lebih sebulan, tapi gapapa karena dapet cashback... ",5,Sangat-baik
196,196,Muhammad,Udah langganan beli produk apple disini. Packing cepat dan seller responsive. Semoga produknya awet yaaa. Pelayanan after salesnya semoga baik juga. Thank you seller,5,Sangat-baik
197,197,Nakzim,"Sampainya cepat, packing aman dan tebal",5,Sangat-baik
198,198,Widitia,"Setelah beberapa hari pemakaian, ternyata bagus barangnya, ga ada masalah, sayangnya karena dipacking bareng airpods, box luarnya terlalu sempit, jadi penyok box macbookn... ",5,Sangat-baik
199,199,T***s,Mantap,5,Sangat-baik
200,200,P***a,"mantab,fast responce,recommended seller..",5,Sangat-baik
201,201,B***a,"Semuanya berfungsi dengan baik, saran aja sih adain contact Customer Service nya jika terjadi sesuatu dan ingin claim garansi",5,Sangat-baik
202,202,F***n,"Finally! Terealisasi jg beli mac disini. Makasi ya semoga awet, pelayanannya emang ga kaleng2, garansi aktif, Langsung dikirim dalam hitungan jam, cashbacknya mantep ni t... ",5,Sangat-baik
203,203,Feisal,mantaapp!!,5,Sangat-baik
204,204,M***d,"barang sesuai pesanan, seller ramah komunikatif, barang cepat sampai dan packing super aman. top lah.....",5,Sangat-baik
205,205,funstuff,"Mantap sehh...packing keren dan aman, respon saat chatingcepat",5,Sangat-baik
206,206,Kris,"Sudah terpercaya, Semoga ga ada kendala. Terima kasih admin",5,Sangat-baik
207,207,I***i,"Barangnya nyanpe dengan selamat, awalnya kirain dikirim pake box kayu, ternyata engga, pake bubble wrap, sedikiittt penyok dikit beberapa sisi, tapi untungnya dalemnya am... ",5,Sangat-baik
208,208,a***r,,5,Sangat-baik
209,209,Surya,,5,Sangat-baik
210,210,asriel,,5,Sangat-baik
211,211,K***a,,5,Sangat-baik
212,212,Oktavia,,5,Sangat-baik
213,213,ALI,Black peel nya macam di tempel balik hmmmm. Produk minta yg garansi blm aktif tp dikirim yg sudah aktif. Untung produk ok,4,Baik
214,214,B***n,Bagus aja,4,Baik
215,215,Nurdin,"Barangnya oke, asli apple MacBook, dicek garansi sesuai tanggal beli, hanya saja pengiriman kurang komunikatif adminnya dan driver grab instannya ganti2 terus sampai beso... ",4,Baik
216,216,Ayu,"Sesuai deskripsi, terimakasih bonusnya",4,Baik
217,217,J***n,"barang sangat bagus, cs juga responsif nanya apa dijawab, cm sebelum membeli saya nanya bonus hardcasenya ada ga, ktnya ada tp ketika sampai cm keyboard cover aja. overal... ",4,Baik
218,218,Shellshark,barang sesuai pesanan dan packing bagus,4,Baik
219,219,Ahmad,"pas pesen, tulisan di etalase nya available yang warna Gold, jadi pesan yang itu. tapi setelah check out, di chat kalo ternyata stock nya ngga ada. jadi diganti ke warna... ",4,Baik
220,220,A***a,"walaupun kardus nya penyok dari bawaan tokonya, lumayan lah :) barang oke aman.",4,Baik
221,221,E***a,"Barang bagus. Hanya, seller tidak memasang sign fragile di paket, sehingga kurir main lempar dan main ninggalin barang di gerbang tanpa ada konfirmasi, dikiranya batu bat... ",4,Baik
222,222,Cokorda,Baru kali ini beli laptop dan mahal secra online tp bener2 g diragukan toko ini Penjualnya sabaar bener sm pembeli yg awam ini,4,Baik
223,223,F***y,"ada sedikit penyok aja kardusnya, padahal udah packing kayu.",4,Baik
224,224,J***n,"Barang semua aman, tapi agak lama di pengiriman. Masih jabodetabek masa 3 hari:(",4,Baik
225,225,ravi,"Melayani pelanggan hingga malam, packing aman barang segel dan original, jadikan langganan belanja anda, recommended seller yg satu ini...",4,Baik
226,226,Xiunqxiunq,"Barang sampai dengan selamat, tapi kardusnya bonyok. Mungkin seller bisa bantu ingatkan utk tambah packing kayu di deskripsi biar buyer ga lupa. Mac nya berfungsi normal... ",4,Baik
227,227,F***n,"Barang sampai lebih cepat dari estimasi, barang ori, dan sudah di cek semua dalam kondisi tersegel, cmn bingung dengan cara packing nya hehe, kardusnya tidak padat, ter... ",4,Baik
228,228,Jaka,,4,Baik
229,229,Mrz,1. Box tetap penyok seperti ulasan pembeli yg lain pdhl udah ikutin instruksi 2. Ada tanda seru kuning di website cek serial numbernya (katanya sih gak masalah) 3. Ini si... ,3,Biasa
230,230,y***o,"Bonusnya belum dikirim,",3,Biasa
231,231,Bimo,,3,Biasa
232,232,d***d,Komputer tidak orisinil. Komputer sudah aktif saat saya terima paketnya. Setelah dipakai seminggu sering panas dan macet. Kualitas komputernya sangat jelek!Sikap penjual... ,1,Sangat-buruk
233,233,j***f,Barang Ok.. BNIB Packing bubble warp tebal.. Seller responsive.. Kirim pakai JNE lambat.. 5 hari muter2 di jakarta terus barangnya..,5,Sangat-baik
234,234,Tiee,Barang mulus dan baik min. Cepat hari itu juga sampai. Terbaek,5,Sangat-baik
235,235,k***a,trusted,5,Sangat-baik
236,236,Arif,wih barang nya udh sampai cepat,5,Sangat-baik
237,237,Shanty,"Pertama beli iphone disini, trus skg macbook air M1. Happy dan puas bgt. Barang asli ibox, packaging rapi, bubble wrap extra, pengiriman ke Bali cepet dan aman. Admin ger... ",5,Sangat-baik
238,238,E,"toko reckomen,, CS ramah ğŸ™ laptopnya seperti yg di harapkan.. terima kasih semoga awet..",5,Sangat-baik
239,239,Mohammad,"Respon oke barang baru, cuman kalo mw di install free office nya sensasi unboxing nya hilang ğŸ¤£ overall bagus rec seller",5,Sangat-baik
240,240,S***f,"Seller respon cepat bosku, barang ori langsung cek out bosku",5,Sangat-baik
241,241,E***n,"service nya sangat cepat dan memuaskan, dikasi bonus mouse lagiâ€¦ thanks ya",5,Sangat-baik
242,242,E***i,Mantab,5,Sangat-baik
243,243,Eji,puas,5,Sangat-baik
244,244,Eji,Recommended,5,Sangat-baik
245,245,E***i,mantap...,5,Sangat-baik
246,246,E***i,sesuai Pesanan Barang Gres garansi I Box,5,Sangat-baik
247,247,Eji,barang Gress... sesuai pesanan,5,Sangat-baik
248,248,Hedri,Unit original apple. Cocok dipadukan dg ipad.,5,Sangat-baik
249,249,Sam,"PELAYANAN SANGAT BAIK DAN RESPON SANGAT CEPAT, PENGIRIMAN CEPAT DAN PENGIRIMAN PAKAI SI CEPAT JADI SANGAT CEPAT SEMUA HEHEHE. POKOK NYA TERBAIK, TERIMA KASIH",5,Sangat-baik
250,250,Mhd,"mouse nya rusak gratis tapi rusak, buat apa?",5,Sangat-baik
251,251,Widi,"Original, respon cepat beli dikasih bonus",5,Sangat-baik
252,252,Andrew,"Bagus, original, good service, pengiriman gosend cepet",5,Sangat-baik
253,253,I***n,Barang original,5,Sangat-baik
254,254,S***a,Pelayanan memuaskan selama proses pembelian. Trusted.,5,Sangat-baik
255,255,hilmi,Topp seller semoga aman dan awetğŸ‘ğŸ»ğŸ‘ğŸ»,5,Sangat-baik
256,256,Ina,udah beli 3macbook dari sini all good. respon admin jg cepat. thanks ya,5,Sangat-baik
257,257,Ina,udah beli 3macbook dari sini all good. respon admin jg cepat. thanks ya,5,Sangat-baik
258,258,Andhika,toko langganan dari sebelum punya toko di tokped cheers bang,5,Sangat-baik
259,259,L***s,jos gandos!,5,Sangat-baik
260,260,R***a,Trusted! Sellernya informatif ngejawab semua pertanyaan daan fast response banget. Thank you seller,5,Sangat-baik
261,261,Mohamad,"Barang datang dengan packing rapi, full bubble wrap, dapet bonus pelindung keyboard, mouse, dan office sesuai deskripsi. Barang sejauh ini aman banget, garansi aman sudah... ",5,Sangat-baik
262,262,A***n,"Toko terbaik sih ini memang. Respon seller cepat, harga lebih murah dari toko-toko lain, packing sangat baik (bubble wrap berlapis-lapis dan double box), pengiriman langs... ",5,Sangat-baik
263,263,Abie,"Top pelayananya ,Terpercaya ,barang tiba dgn selamat , semoga awet barangnya",5,Sangat-baik
264,264,abibold,"Sesuai request, mantab, semoga barang aman selalu biar gak ganggu admin dgn garansinya. Minta video unboxing dikasih, di install in juga ms officenya",5,Sangat-baik
265,265,Theresia,Cepet banget penjual juga ramah aman bangett beli disini thankyouu,5,Sangat-baik
266,266,Herwanto,Mantap banget,5,Sangat-baik
267,267,I***n,"Seller responsif, helpful, dan pengiriman cepat",5,Sangat-baik
268,268,Ali,"Aman cepat terjamin asik cashback nya pun mantap, chat responsive dan kualitas terjamin. Recommended ğŸ‘ŒğŸ½",5,Sangat-baik
269,269,Isti,"udah riset kesana kemari, dan gue memutuskan beli di sini. good store",5,Sangat-baik
270,270,Disky,"Sellernya mantap responsif sekali, pesan pagi, 2 jam kemudian sampai, barang segel dikasih bonus pula, mantap.. makasih gan! ga ragu beli disini!",5,Sangat-baik
271,271,M***e,lancar jaya setelah dipakai 3 minggu,5,Sangat-baik
272,272,Prita,"Macbook air berjalan lancar dan mulus pas sampai di rumah. Cuma agak kesulitan untuk install free office-nya. But, itâ€™s okay! Selama laptop bisa digunakan dengan baik, se... ",5,Sangat-baik
273,273,D***y,"Admin fast respon kalau mau membeli, setelah membeli agak slow respon. Meminta admin untuk instal office, tetapi ada kendala untuk pswd macbook nya krn berbeda dgn yg dik... ",4,Baik
274,274,Gifari,"Mantapp langsung beli pakai kurir instan, semuanya mulus dan ori ofc. Admin tokpednya jawabnya gece. Tapi kurangnya cuma di warrantynya aja ko udh jalan dari september ya... ",4,Baik
275,275,Louis,"sempet dag dig dug soalnya 3 hari ga gerak barangnya waktu datang ternyata ga di packing kayu jd makin was2 setelah dibuka ada penyok di sudut box, haduhh..moga barang gp... ",4,Baik
276,276,David,"Packaging baik, respon seller saat berjualan jg baik. Sedikit kecewa dengan pengiriman, dimana diproses baru jam 5 sore, sudah diinfo dari awal kalau kantor tutup jam 5.... ",4,Baik
277,277,Q***a,Jujur aftersales lama tanggapannya butuh hampir seminggu utk resolve permasalahan mengenai bagaimana nanti saya cara klaim garansi lgsg ke ibox karena tidak dikirimkan in... ,4,Baik
278,278,f***z,"box nya penyok, tapi overall bagus",4,Baik
279,279,hidayanto,ga dikasih MS office,4,Baik
280,280,DZIKA,"produknya bagus cuma goldnya gaada, sayang sekali kawan.",4,Baik
281,281,Faishal,"Bubblewrapnya kurang tebal jadi agak peyok di ujung bungkusnya, kirain ada kardus coklatnya ternyata tidak tapi laptopnya aman berfungsi dengan baik.",4,Baik
282,282,R***t,"Barang ori dan BNIB belum dibuka. Packing bubble. Sayang g ada packing kayu. Harga juga termasuk murah. Bagi yg mo beli cash ingat pake debit, jgn kartu kredit biar g ken... ",4,Baik
283,283,Desi,"1. Produk sn terdaftar SN nya pada wab apple, tpi belum didaftarin memang, 2.Pembicaran pengiriman dengan kenyataan berbeda, minggu di tanya bisa instant katanya bisa s... ",4,Baik
284,284,S***t,Agak sulit berkomunikasi dengan seller. Tapi overall OK. Thanks,4,Baik
285,285,R***i,bagus...,4,Baik
286,286,Thaariq,"Barang aman (karena emng pesen extra bubble wrap + packing kayu) Milih jasa Next Day (ETA 23/24 Mei, tapi 24 Mei baru dikirim) tiap ditanya resi alasan kalo di packing k... ",4,Baik
287,287,Satria,barangnya oke banget dan adminnya fast respon tp agak kecewa beli senin dan bilang bisa dikirim hari itu juga tapi baru dikirim hari rabu padahal hari senin dan selasanya... ,4,Baik
288,288,R***i,"Mohon packing diperbaiki lagi, mungkin bisa ditambah sikut biar ga penyok pojoknya. Untuk produknya baguss",4,Baik
289,289,Shafly,"barangnya ori, packing ok. minusnya hanya bagian cs dengan gudang kurang dalam komunikasi. pesan grabsend instant dan selesai bayar di jam 13.00 namun request pickupnya 1... ",4,Baik
290,290,J***n,"produk oke, respon seller oke, packing yg sangat jelek dan tidak aman , hrg brg 16 jt cm di bungkus pakai 1 plastik kresek ama lakban aja, pada hal klo pakai bubble wape... ",4,Baik
291,291,V***t,"Barang bagus, tapi pengirimannya lambat butuh waktu hingga 3 hari padahal menggunakan instant delivery.",4,Baik
292,292,Muhammad,"produk bagus,dikasih video unboxingnya karena sekalian instalin officenya,,sayang tidak dipasangin sekalian pelindung layarnya,padahal sdh dikasih catatan,krn klo pasang... ",4,Baik
293,293,Said,Barangnya bagus! Apalagi saya ambil langsung ke Toko karena buru2 jadi bener2 buka disana bareng mas2nya. Serial numbernya dicek di web Apple juga real. Jadi keaslian ter... ,4,Baik
294,294,Tesalonika,"barangnya bagus, tp sempet ketuker oleh JNE jd terimanya lama bgt. Seller lupa install office, tp overall sangat baik lah",4,Baik
295,295,Ronald,"Produk original, Baik. Hanya saja pengiriman cukup lama, menggunakan same day tapi dari proses hingga pengiriman hampir memakan waktu 24 jam (which is very long).",4,Baik
296,296,Siska,Overall cukup terpuaskan dengan pelayanan Toko New RizkyApple. Termasuk Seller Toped untuk Produk Apple dengan harga termurah sptnya. Catatan gw selama transaksi dan nun... ,4,Baik
297,297,Sulistyo,"Pelayanan bagus, respon cepat, barang sampe dengan kondisi 100% no tipu2, dapet screen guard mayan, rekomended seller lah pokoknya",4,Baik
298,298,Aidil,"produce nya original. admin nya juga responsif. ak kasih bintang 4 karna awalnya mesen pake kayu, tapi dateng2 ga ada packing kayu",4,Baik
299,299,Finna,Macbook Air M1 100% legit!! Inter ny barang US mantap!! Kecepatan pengiriman cukup oke. Harga packing kayunya paling murah se-tokped. Dus agak penyok sedikit setelah sa... ,4,Baik
300,300,G***g,mantap barang ori,4,Baik
301,301,M***M,"Barang kondisi baik, cm dus penyok ketika tiba. Saya padahal minta di kasih dus coklat bawaan apple store, tp gak dikasih",4,Baik
302,302,G***a,"kualitas oke, pengiriman cepat, cuma belum beli seminggu harga da turun 600rb an :( overall memuaskan",4,Baik
303,303,R***l,"Seller responsif, produk ori, udah di instalin ms. office. packaging juga aman. Ku kasih bintang 4 karena aga meleset aja dari waktu PO. Tapi secara umum, recommended sel... ",4,Baik
304,304,F***a,"kualitas oke, pengiriman cepat, cuma belum beli seminggu harga da turun 600rb an :( overall memuaskan",4,Baik
305,305,R***l,"Seller responsif, produk ori, udah di instalin ms. office. packaging juga aman. Ku kasih bintang 4 karena aga meleset aja dari waktu PO. Tapi secara umum, recommended sel... ",4,Baik
306,306,F***a,,4,Baik
307,307,susan,"Box rusak sampe ga bisa di buka tutup, agak kecewa karna kalo mo jual lagi pasti bakal susah kalo Non Box.. Tapi untuk barang aman",3,Biasa
308,308,E***s,"pengirimannya lamaaa banget, melebihi estimasi. Seller kadang tidak membalas pesan huftğŸ¥²",3,Biasa
309,309,D***y,"Penjualan pengiriman baik, kardus unit ada bekas benturan, salah satu kaki unit tidak menapak jadi unit bisa bergetar, CS tidak responsive",3,Biasa
310,310,Yoga,"fungsi normal smua. cma box sayang bgt bnyk peot pdhal produk mahal, bubble nya kurang banyak. smoga diperhatikan lagi untuk packingnya",3,Biasa
311,311,Arifa,"nyampe dengan selamat dan gaada cacat, tapi ga rekomendasi untuk pengiriman instan karna akan dikirim next day",3,Biasa
312,312,E***y,"Barang asli garansi IBOX, tp pengiriman hrs tunggu 1-2 hari baru di kirim, order dengan packing kayu, tp gak di packing kayu, mungkin biar untung ny lebih gede",3,Biasa
313,313,M***d,"barangnya murah dan bagus. tapi sempet ada problem pas awal, tapi udah selesai. cuma yang disayangkan saat ada problem sellernya ga respon lagi. cuma di read aja chatnya.... ",3,Biasa
314,314,Ariz,"Barang normal. Ga dapet screen protectornya, iklannya missleading, ganti foto utamanya. biar ga salah paham.",3,Biasa
315,315,M***M,Barang bagus cuma ada miss informasi dengan penjualnya,3,Biasa
316,316,S***i,"Pro: Barang ok dan sesuai spek serta pengemasan bagus. Cons: Komunikasi di internal yang harus kurang sehingga pengiriman tertunda dan ada kenaikan harga oleh merchant, p... ",3,Biasa
317,317,V***y,*dijanjikan screenguard waktu beli. Tapi waktu datang tidak include. Ditanya2 tanggung jawab setelahnya. Mulai cuek2 reply lama. Alasan stok habis. Padahal sebelum pay... ,3,Biasa
318,318,A***h,produk bagus original,3,Biasa
319,319,A***a,"Barang bagus, but u need to improve the service because its not a cheap stuff. Aku beli laptop ini gak murah, dateng2 boxnya bujat semua dan skrg laptopnya bermasalah.",2,Buruk
320,320,Gracella,"Kecewa banget sama pelayanan adminnya. Awalnya bilang stock adanya yang japan, tiba tiba bilang stock ada. Lalu saya minta kirim hari ini, kata seller bisa dan bilang â€˜ga... ",2,Buruk
321,321,i***r,"Dear owner Toko New Rizkyapple, Saya percaya kalian sdh sangat berpengalaman dalam menghadirkan produk apple, Dilihat dr harga kalian yg mmg sangat bersaing,, Dan kesigap... ",2,Buruk
322,322,Roby,"Kalo beli barang mahal mending di toko offline dah, nyesel bgt saya beli di sini, bukan krn sellernya(sellernya responsif & fastres btw), tp karena lg apes dapet prod... ",1,Sangat-buruk
323,323,K***D,"Belum 10 menit order mau ganti shipping aja ngga boleh. Katanya estimasinya sama dg ekspedisi biasa. Ini pake JNE TRUCKING, 8 hari baru sampai padahal normal 3-4 hari aja... ",1,Sangat-buruk
324,324,B***m,"Sudah beli bubble wrap tambahan, tetapi tidak ditambahkan oleh admin saat pengiriman. Alasan menambah volume pengiriman Akibatnya unit pesok, yang infonya kesalaham kuri... ",1,Sangat-buruk
325,325,F***y,"minta sameday tp pengiriman lama, shg sy ambil dg kurir sendiri sangat mengecewakan.",1,Sangat-buruk
326,326,Ayiq,"Barang ternyata cacat, bekas tergencet. Saya tidak tau dimana salahnya, yg pasti barang kami terima cacat",1,Sangat-buruk
327,327,M***d,"sebenarnya masih mau tabayun(ngomong) secara baik-baik ,tentang problem yg saya hadapi ,tapi ketika penjual tidak merespon sama sekali keluhan saya .jadi maaf saya harus... ",1,Sangat-buruk
328,328,Benwilsonh,"Untuk barang oke2 aja, pelayanannya HAHAHA ****",1,Sangat-buruk
329,329,M***r,"Barang awalnya bagus. Belum 1 bulan ada problem, tidak ada bantuan untuk claim ke apple.",1,Sangat-buruk
330,330,K***n,"Kualitas produk udah dijamin bagus, performa kencang, desain mewah terupdate, spesifikasinya lumayan, garansi iBox pooll. Tapi sayang, kali ini giliran Saya yg nambah ko... ",4,Baik
331,331,dandyfebriansyah,barang bagus cuman dus agak penyok gara gara packing.. overall bagus ya,4,Baik
332,332,V***a,"Barang sesuai, Macbook berfungsi dengan baik, paket hanya dipacking dengan bubble wrap sehingga ujung-ujung box tidak rapih, sampai tepat waktu",4,Baik
333,333,F***l,Barang original tapi ternyata punyanya Malaysia. Jadi chargernya kaki 3 sementara gapunya adaptor pas unbox udah malem akhirnya gabisa langsung dipake ğŸ˜­ Sisanya oke sih... ,4,Baik
334,334,Rudi,"semua sesuai hanya box nya penyok, mungkin jatuh pada saat perjalanan.. thanks.",4,Baik
335,335,Nora,respon admin cepat pengiriman lumayan packing tidak sesuai krn tidak pakai packing kayu padahal sudah dibayar jadinya kotaknya penyok2 untung isi dalamnya masih aman,4,Baik
336,336,I***n,Protector hukan peruntukannya jd nggak ke pake,4,Baik
337,337,Ademas,"Bayar instant dari malem sblmnya, katanya biar masuk pengiriman besok pagi, udh di chat2 tetep aja ternyata kirimnya siang, udh 3 jam pengiriman, gak gerak2 masih di slip... ",4,Baik
338,338,T***t,Barang nya oke n cuma sayang pelayanan nya harus ditingatin lagi,4,Baik
339,339,Hanif,"Alhamdulillah, akhirnya barangnya nyampe juga ğŸ˜ŒğŸ‘ Barang sampai dengan selamat dan cepat, dapat bonus mouse juga. Terimakasih Studio Ponsel, pelayanannya memuaskan ğŸ™ ta... ",4,Baik
340,340,Herdi,"Laptop sesuai dgn deskripsi, sayang packaging cuman bubble wrap..penyok penyok dusnya",4,Baik
341,341,Herdi,"Laptop sesuai dgn deskripsi, sayang packaging cuman bubble wrap..penyok penyok dusnya",4,Baik
342,342,S***a,"pembelian ke dua disini, yang kedua ini kecewa dapetnya keyboard Japan. selebihnya ok, rekomended seller, barang cepet sampe dapat bonus screen protector dan keyboard pr... ",3,Biasa
343,343,Ari,Pengiriman instan tapi dikirimnya besok.. ga diberitahu kalo include screen protector sama keyboard protector.. respon cs cepet banget,3,Biasa
344,344,M***a,"Beli disini karena lihat ulasan dapat bonus, eh saya dikasi bonus juga, tapi tidak dapat dipakai",3,Biasa
345,345,rosari,"customer ramah, cuma sayang casan magsafe saya baru hitungan berapa hari udah rusak, mau diklaim juga prosesnya ribet. ga rekomen sih guys. makasih",2,Buruk
346,346,B***i,sudh 3 kali beli di sini secara kualitas barang tidak diragukan lagi dan terbaik..namun ada catatan saya beli 3 kali di toko ini dan semua kardus datang dalam keadaan pen... ,2,Buruk
347,347,S***i,"Kapok beli dari sini, barang di curi oleh driver gosend dan seller tdk teliti dan lepas tangan",1,Sangat-buruk
348,348,Seintia,Parah sih ini packingnya dengan harga segitu kalau pun info buat biaya packing lebih ke pembeli juga pasti dikasih.. Harusnya ada standart khusus untuk packing barang den... ,1,Sangat-buruk
349,349,R,,1,Sangat-buruk
350,350,Ahmad,touchpad seret susah digerakin,3,Biasa
351,351,hendi,,2,Buruk
352,352,nur,batrai cpet abis,3,Biasa
353,353,Bismllahn,ok,3,Biasa
354,354,Listiyo,Laptopnya sekarang mati ..tidak bisa dinyalakan,1,Sangat-buruk
355,355,Alessandra,brang tidak bagus.. keyboard banyak tidak fungsi.. sdh ganti keyboard masih tidak bisa ..rusak mainboard.. tidak di rekomendasikan.. jangan belanja dsini.. kecewa berat.... ,1,Sangat-buruk
356,356,salam,"Bintang satu artinya....""TAK SESUAI HARPAN"".",1,Sangat-buruk
357,357,FERRY,tidak sesuai deskripsi,1,Sangat-buruk
358,358,L***i,"teknisi tidak ramah, terkesan gak mau direpotkan, malah judgemental ke pembeli",1,Sangat-buruk
359,359,a***e,mohon dibantu teman teman. penjual toko ini baik banget spartpart kondisi normal yg dikirim. semoga berkah unit lapotnya yg saya beli,1,Sangat-buruk
360,360,R***i,,1,Sangat-buruk
361,361,Sonya,"Beli 5, 1 kendala cmos, 2 port lan ga bisa connect lan. Colokan gepeng semuanya ternyatağŸ˜‚",3,Biasa
362,362,Iwan,"pesen yg yg ram 8 GB di ksh yg 4gb..ga sesuai harapan,",3,Biasa
363,363,Dicky,kondisi barang banyak bekas stiker yg gak dicopot2in & gak dibersihkan dulu,3,Biasa
364,364,S***o,"respon cepat, mainboard normal, baterai ok, charger adaptor not ori, fisik bekas-baik, kesehatan HDD 72% banyak bad sector. setelah di install ulang bad sector nambah se... ",3,Biasa
365,365,fatih,Unit yg saya dapat burik kondisinya. Semoga tambah jujur jualan nya,1,Sangat-buruk
366,366,H***n,"di deskripsi tertera + Dual Batrai normal tapi setelah 2 hari baterai tidak support, katanya dapat tas juga ternyata tidak tapi bukan itu masalahnya, masalahnya adalah la... ",1,Sangat-buruk
367,367,e***i,semoga awet . barang mulus.,5,Sangat-baik
368,368,Muhammad,Mantabbbbbbbbbbbbbbbbbbbbbbb,5,Sangat-baik
369,369,D***i,"udah dicek, spek sesuai deskripsi dan sejauh ini semua fitur berfungsi. worthy banget sih harga affordable dan kualitas oke. semoga bisa awet jangka panjang. thank you",5,Sangat-baik
370,370,A***n,"Semoga awet amin, recommended.",5,Sangat-baik
371,371,R***K,Sesuai spek,5,Sangat-baik
372,372,Rina,"hallooo kak... mohon dibaca chatnya, maap itu tutup nya kemana ya?bisa dikirim ga tutup nya? khawatir kena air terima kasih",5,Sangat-baik
373,373,Haniv,"recommended ğŸ‘ğŸ‘,.",5,Sangat-baik
374,374,Budi,mantuuul,5,Sangat-baik
375,375,Warmsilo,"respon cepat, masih mulus juga.",5,Sangat-baik
376,376,Maulana,2x pesan barang yg dikirim mantap tidak mengecewakan dapat barang yg muluss battery bahkan kuat 5jam,5,Sangat-baik
377,377,Y***s,"bagusssss, semoga awetğŸ™‡â€â™‚ï¸ seller responsif, thank you jangan ragu beli disini guys, super recomendedğŸ¥³ thanks juga Pak Pos Indonesia",5,Sangat-baik
378,378,Achmad,"barang sudah sampai, barang sesuai dengan pesanan, di test lancar,internet jalan, ringan. thanks ya gan,,,,",5,Sangat-baik
379,379,Teguh,"dapet barang mulus banget, mantep lah pokok na",5,Sangat-baik
380,380,H***r,oke,5,Sangat-baik
381,381,D***e,"Murah tp ga murahan. Sempet maju mundur buat beli, karena ga pernah beli brg second (takut zonk) tp abis mikir2 kalo buat kerja data doang ngapain mahal2. Akhirnya berani... ",5,Sangat-baik
382,382,Bobi,Terbaik dan Terpercaya lah ini seller ğŸ‘ğŸ‘,5,Sangat-baik
383,383,Iven,Barang sampai cepat dan laptop sangat bagus,5,Sangat-baik
384,384,Sahabat,"produk bagus, fisik bagus nyaris 100%",5,Sangat-baik
385,385,K***a,"mantap, produk sesuai bekerja dengan baik. sesuai dengan spesifikasi. Packaging aman dan diproses cepat",5,Sangat-baik
386,386,Arya,Baru dicek awal .. okeh sesuai spek .. mdh2an awet ya .. mksh seller,5,Sangat-baik
387,387,Bayu,"barang mulus, sesuai deskripsi produk. pelayanan cepat responsif seller. recomended. trims pada seller sukses selalu",5,Sangat-baik
388,388,Rachmat,"mantap terima kasih seller, sesuai spek, rekomendet",5,Sangat-baik
389,389,Ahmad,"mantap, harga murah performa nggak murahan ğŸ‘",5,Sangat-baik
390,390,Bayu,"barang sudah sampai selamat ,smga tahan lama terbaik",5,Sangat-baik
391,391,faiz,"barang overall oke , sesuai pesanan. harga murah. cuma pengiriman aja yg lama bet. kungkin kendala pemilihan kurir yg kurang tepat. tk.",5,Sangat-baik
392,392,Arul,oke lah good,5,Sangat-baik
393,393,Deni,mantapp,5,Sangat-baik
394,394,Satrio,"Laptop nya berfungsi dengan baik hanya minus body sedikit lecet bekas pemakaian,respon dari seller nya juga fast respon",5,Sangat-baik
395,395,Wahyudi,"Barang Bagus, kayak pakai dan bermanfaat. thanks",5,Sangat-baik
396,396,i,"barang nya msh bagus walopun second, recommended deh pokoknya",5,Sangat-baik
397,397,Bayu,"barang mulus, sesuai deskripsi produk. pelayanan cepat responsif seller. recomended. trims pada seller sukses selalu",5,Sangat-baik
398,398,Rachmat,"mantap terima kasih seller, sesuai spek, rekomendet",5,Sangat-baik
399,399,Ahmad,"mantap, harga murah performa nggak murahan ğŸ‘",5,Sangat-baik
400,400,Bayu,"barang sudah sampai selamat ,smga tahan lama terbaik",5,Sangat-baik
401,401,faiz,"barang overall oke , sesuai pesanan. harga murah. cuma pengiriman aja yg lama bet. kungkin kendala pemilihan kurir yg kurang tepat. tk.",5,Sangat-baik
402,402,Arul,oke lah good,5,Sangat-baik
403,403,Deni,mantapp,5,Sangat-baik
404,404,Satrio,"Laptop nya berfungsi dengan baik hanya minus body sedikit lecet bekas pemakaian,respon dari seller nya juga fast respon",5,Sangat-baik
405,405,Wahyudi,"Barang Bagus, kayak pakai dan bermanfaat. thanks",5,Sangat-baik
406,406,i,"barang nya msh bagus walopun second, recommended deh pokoknya",5,Sangat-baik
407,407,Tridatu,"barang bagus, pengiriman cepat, saler ramah, rekomeded",5,Sangat-baik
408,408,leholey,Alhamdulillah sampai dengan selamat,5,Sangat-baik
409,409,E***M,"performa baik, packing baik. respon baik. terbaik",5,Sangat-baik
410,410,A***s,"barang mulus tidak ada masalah apapun, dari pihak ekspedisi pun cepat. barang sesuai ekspetasi semoga awet ğŸ™",5,Sangat-baik
411,411,Farid,"ga kerasa udah setahun Makai,,, cuma keyboardnya udah rusak",5,Sangat-baik
412,412,Hawin,masih seperti baru .. mulus .. tp di bagian bawah bagian karet dudukan / kaki nya copot satu .. gp2 sih masih cukup worth it dan memuaskan .. semoga awet ..,5,Sangat-baik
413,413,Y***o,Sip.. Keyboard Jepang ğŸ¤£ğŸ˜…,5,Sangat-baik
414,414,Sigit,"Mantab, fast",5,Sangat-baik
415,415,Ayeng,Mantapp,5,Sangat-baik
416,416,M***d,,5,Sangat-baik
417,417,Rina,"hallooo kak... mohon dibaca chatnya, maap itu tutup nya kemana ya?bisa dikirim ga tutup nya? khawatir kena air terima kasih",4,Baik
418,418,M***d,lumayan bagus. hanya ad sdikit goresan di kesing. tapi tdk mempengaruhi performa,4,Baik
419,419,A***s,"Cukup mulus, cukup curiga setelah barang mendarat.bodi atas bagian engsel layar sebelah kanan terbuka, saya kira pecah ternyata tekniksi lupa mengencang semua baut. perfo... ",4,Baik
420,420,Gallan,"laptop aman normal, cuma adaptornya ada masalah",4,Baik
421,421,S***o,"pengiriman cepat, sesuai spesifikasi",4,Baik
422,422,E***a,"respon penjual cepat,jg membantu Krn kiriman yg lebih dr estimasi pengiriman.packin msh aman ,produk berjalan sesuai..msh bagus. thanks",4,Baik
423,423,H***n,"pembelian kesekian kalinya. pelapak sangat komunikatif, sangat bertanggung jawab siap ganti unit baru jika ada troble dan layanannya sangat cepat. pembelian kali ini mala... ",4,Baik
424,424,w***n,Barang sesuai dengan deskripsi,4,Baik
425,425,Asril,ok sih barangnya cuma agak kecewa krna tombol merah (trackpad) d tengahya ga ada,4,Baik
426,426,Erik,"Secara keseluruhan bagus , fungsi baik , btrai awet Tapi ada pinggir nya yg gak rapet",4,Baik
427,427,P***o,masih mulus dan sesuai Spec diiklankan,4,Baik
428,428,Amir,"leptop sesuatu deskripsi aman mulus dan bekerja, cuma kurang kepala charger aja tp amanlah gapapa",4,Baik
429,429,Aditya,oke udah direspon,4,Baik
430,430,A***n,"overall mantap dri sekian kali mesen di sini ok semua, untuk unit yang ini keren ,kurang di speaker aja kurang kenceng suaranya, sama chargernya pake sambungan bukan yan... ",4,Baik
431,431,M,barangnya sdh sampai sesuai harapan ğŸ‘ğŸ˜ tp terlambat dipengirimannya tp gak ap2 sich yg penting smpai barangnya ğŸ™ğŸ˜‡ğŸ¥°,4,Baik
432,432,Nadya,Barang bagus recomended,4,Baik
433,433,Putra,"Barangnya oke sih top ğŸ‘,sesuai yg ada dideskripsiğŸ‘ğŸ‘ğŸ‘,cuma kekurangannya adminnya kurang responsive,jadi kesimpulannya jadi terobati kekurangan responsivenya...",4,Baik
434,434,Dindin,bodnya ga semulus gambar nih..,4,Baik
435,435,Abdul,perlu kesabaran buat nunggu respon penjual untungnya barang yang sampe kondisinya baik,4,Baik
436,436,M***d,Jujur ngeri bgt buka paket nggak ada tas sm dusnya.. langsung laptop dibalut bubble wrap. Tapi unit aman ğŸ‘ğŸ»,4,Baik
437,437,Ibrotul,"Smua spesifikasi laptop sesuai bgt dg deskripsi, kurir si cepat gokil nganter barang lgsung keesokannya nyampe, cuma pas dicek casing laptop blm tertutup sempurna sampe t... ",4,Baik
438,438,B***s,"Laptop berfungsi baik, semua tombol berfungsi, camera berfungsi Kurangnya: 1. Standar Battery 2, ternyata battery internal tidak ada 2. Battery external tidak standar (la... ",4,Baik
439,439,Slamet,"Review jujur untuk body nya ya taulah kalo barang bekas, bagian atas laptop baret2 seperti di gambar tapi sayangnya di antara port ada yg patah, kirain cuma baret2 doangï¿½... ",4,Baik
440,440,R***a,"packing aman dan lmyn cepat sampainya,harga lmyn murah dan lmyn fast respon , utk barang second kondisi fisik 95 persen ,ada sedikit gores bodi luar dan wajar, semoga awe... ",4,Baik
441,441,Suharyono,"Kualitas produk baik,sayangnya pengirimanya lama banget, dari semua produk yang tak beli di hari yang sama, produk ini yang pengirimanya paling lama, karena pake expedisi... ",4,Baik
442,442,Joko,mantappppsshh baret biasa lah,4,Baik
443,443,rengga,suaranya kok agak gmna gitu min kaya ga sesuai gitu suaranya,4,Baik
444,444,Fitry,packing baik. unit Lumayan lah sesuai harga.,4,Baik
445,445,N***a,layarnya jelek,4,Baik
446,446,A***h,"barang diterima dengan kondisi baik, 95% mulus dan oke untuk barang second. packing rapi. cuma sedikit ada yg tidak sesuai, yaitu tombol fungsi @ tertukar dengan "" j... ",4,Baik
447,447,Sigit,pesanan sudah sampai GoodLah pokoknya Terimakasih seler.Produk sesuai pesanan meskipun battray nya agak boros buat Nonton youtube langsung low battray wajarlah namanya ju... ,4,Baik
448,448,Fatwa,"Good condition sesuai deskripsi, Tokonya Amanah, fast respons ğŸ‘ŒğŸ”¥",4,Baik
449,449,Maryudi,"Laptop berfungsi dengan baik dan sesuai deskripsi, cuma sayang kabel power nya barang murah plus rusak gak bisa di pasang k adapter nya..",4,Baik
450,450,Harris,mulus bagus..tapi kenapa bau minyak tanah ya?,4,Baik
451,451,tian,"ini pengalaman saya. tapi tiap buyer pasti beda2. berhubung ini adalah laptop second, jgn harap bener2 flawless kek baru. kalo mo yg licin ya beli baru aja bos. tapi seca... ",4,Baik
452,452,o***y,"Barang sudah sampai kak,,Barang juga ok kelas laptop second mantep sih,,bintangnya saya kurangi dulu kak,windowsnya belum aktive aplikasi winbox tidak bisa running jadi h... ",4,Baik
453,453,Ali,"Overall berfungsi dg baik,, tapi windows nya ngadat (harus install ulang sepertinya) :(",4,Baik
454,454,T***n,barang mulus istimewa. cuma untuk baterai cuma 1 itupun yg model tipis 24WH. yg tanam di dalam gak ada. Pertama nyalakan dikira drop. karena turun deras. dan dari 25% lng... ,4,Baik
455,455,Guta,,4,Baik
456,456,Nasrullah,,4,Baik
457,457,F***h,"barang sudah dicek sementara belum ada kendala kondisi laptop bagus, minus kurir lambat.",3,Biasa
458,458,Ari,"Ada body laptopnya yang tidak terpasang dengan benar sehingga terlihat tidak enak, tetapi semua fungsi oke hanya sedikit kecewa dengan seller karena body laptopnya saja",3,Biasa
459,459,Ivan,barangnya mulus,3,Biasa
460,460,Edwardo,Salah satu rumah baut cover belakangnya slek* pas coba buat dikencengin tetep tidak bisa rapat. Jangan terlalu berharap sama barang second soal kondisi fisik. Fungsi aman... ,3,Biasa
461,461,Baut,"Di deskripsi katanya dapat sticker keyboard gratis, ternyata ga dikasih, di chat ssd katanya 2245 (2242) pas dibuka ternyata ssd 2,5""",3,Biasa
462,462,yusuf,Pengiriman,3,Biasa
463,463,Irfan,sesuai deskripsi. bintang 3 krn pengiriman doang agak telat,3,Biasa
464,464,Dio,"beli pertama puas, beli yg kedua, aplikasi tdk berfungsi dg baik",2,Buruk
465,465,Arie,Penjual kurang gercep sat set sat set,2,Buruk
466,466,i***n,"Barang tidak sesuai deskripsi, body ada retak dan kepala charher sompal",1,Sangat-buruk
467,467,R***a,"barang datang, bagian layar ada yang terbuka. akhirnya barang diretur. setelah diretur barang tidak langsung dikirim balik sampai 2 hari, itu pun harus diingatkan di chat... ",1,Sangat-buruk
468,468,L***o,kebanyakan trik.,1,Sangat-buruk
469,469,Tuki,"gw pernah beli notebook ini, tepatnya beli rongsokan seharga 5 jt, keyboard macet +-17 digit, habis di sleep pasti layar error! garansi sebulan apanya!!!, ditanya ""g... ",1,Sangat-buruk
470,0,Dimas,terima kasih gan barang sudah mendarat dengan selamat ğŸ‘ğŸ»ğŸ‘ğŸ» ada beberapa dent yang seperti nya bekas jatuh dan juga ada keyboard yang coak seperti kena rokok.,4,Baik
471,1,Segar,"baterainya boros, dan touchpad sering geser sendiri ketika disentuh",4,Baik
472,2,topas,"Puas, barusan barang tiba dan sedang disedang digunakan. Tapi perlu cek beberapa hari ini semoga tetap lancar..",4,Baik
473,3,Bahtiar,"Meskipun mundur sehari dari jadwal semula namun tidak apa-apa, aplikasi dan driver masih versi lama, sedang diupgrade sendiri, bintang 4 cukup ya ğŸ™ğŸ¾ğŸ‘",4,Baik
474,4,Bobby,"packing memuaskan rapih dan aman, untuk semuanya tidak ada komplain saya suka mantap min ğŸ‘ğŸ¼",4,Baik
475,5,Jambu,Kaca kamera ga ada Selebihnya insyaallah aman,4,Baik
476,6,S***h,kondisi fisik baik,4,Baik
477,7,A***s,"Barang yg dikirim kurang sip,bagian lcd kebuka dan tidak bisa nutup rapet,,stiker thinkpad bagian dalam tidak ada,,penjual responya bagus,,",4,Baik
478,8,Yuda,"okey, batrainya bertahan 2jam",4,Baik
479,9,I***n,"Puas, seller sangat membantu .",4,Baik
480,10,Rudisanusi,batre nya cuman kuat 1jam yg lain nya sih lancar,4,Baik
481,11,S***n,"barang sesuai, semoga awet.",4,Baik
482,12,Aldino,barang sudah diterima dengan baik hanya kondisi fisiknya saja yang kurang. terimakasih,4,Baik
483,13,Ridwan,"kerennn banget laptopnya, penjualnya juga bagus ramah, santun, & sabar melayani. Setelah laptop datang, Auto langsung saya pakai buat Programing & coding ğŸ¤© Nam... ",4,Baik
484,14,Hai,"datengnya ke Semarang cepet sih 2 hari doang, barangnya mulus, ternyata udah backlit keyboard, bisa scroll 2 jari, layarnya bukan pake TN paketnya IPS keren sih jadi mau... ",4,Baik
485,15,v***a,keyboard nya banyak yang ketukarğŸ˜­ harus ditempel bagian keyboardnya,4,Baik
486,16,AFIF,"Barang bagus, masih mulus walaupun bekas. booting cepet pake SSD storage",4,Baik
487,17,Tommy,Barangnya dalam kondisi baik,4,Baik
488,18,Dinta,"Jangan memiliki ekspektasi tinggi, biasa saja ekspektasinya, namanya juga laptop second (mungkin) eks luar negeri... khawatir kecewa...",4,Baik
489,19,T***h,performanya mantap.,4,Baik
490,20,E***n,barang mulus 95% semua sesuai deskripsi. seller responsif. recommended.,4,Baik
491,21,Adie,"Barangnya bagus, respon penjual cepat. Semoga barangnya awet. Terimakasih.",4,Baik
492,22,Luthfi,"Pengiriman cepat, packing mantap, dapet bonus mouse lagi.. Cuma sayangnya bukan tas selempang hehe. Semoga aman2 aja kedepannya dan awet. Edit: ternyata mikrofon gk ja... ",4,Baik
493,23,Y***a,,4,Baik
494,24,M***o,"dapat unit yg mulus secara fisik, tp sayang cuma baterainya yg g bisa bertahan lebih dari 1 jam, berasa kurang nyaman aja sih. sepertinya karena ini unit terakhir yg ada,... ",3,Biasa
495,25,R***a,"keyboard nya udah di ganti, engga ori lagi",3,Biasa
496,26,mursalinalink,ada sticker yg menutupi bagian cover atasnya mungkin karna ada goresan di sana. huruf di keyboard beberapa tidak kelihatan. tapi after all worth it lah di harga segitu.,3,Biasa
497,27,C***a,"Cukup bagus, body mulus seperti baru. Hanya saja ada beberapa minus menurut saya, saat laptop sleep trus pas nyala lagi wifi ga bisa auto konek, musti di trouble solving... ",3,Biasa
498,28,A***n,"Baru beli langsung error, katanya harddisk rusak zzz",1,Sangat-buruk
499,29,soebari,barang tidak sesuai charger tidak sama dan charger tidak bisa di gunakan.saya akan ganti ulasan ini jika ada pertanggung jawaban,1,Sangat-buruk
500,30,A***s,"Di Deskripsi produk, cacat pemakaian ya, jadi mksudnya cacat pemakaian itu seperti ini loh. saya sempat retur barang pertama karena retak (retak menurut saya ga termasuk... ",1,Sangat-buruk
501,31,Jian,"Overall bagus, tombol 4 nya agak keras",4,Baik
502,32,Rizanfiero,Masih belum terbiasa tanpa ms word,4,Baik
503,33,m***i,Seller responsif hanya saja kurir yg mengecewakan,4,Baik
504,34,Ekanur,"barangnya gak ada masalah cuma yg jadi masalah itu adminnya, saya minta batalin aja karena kelamaan ngirimnya tapi pengajuan pembatalan malah di tolak dan tetap di kirim... ",4,Baik
505,35,G***U,mungkin buble dan packing bs ditingkatkan karena cm lapis buble 2 lapis saja gampang penyok,4,Baik
506,36,A***p,pengiriman tidak sesuai yang dijanjikan. kualitas barang oke. Harga relarif murah. barang tersegel dengan aman.,4,Baik
507,37,Fachri,"barang sesuai, harga bersaing, tapi sayang nggak dapet screen protector",4,Baik
508,38,Eza,bagus,4,Baik
509,39,v***a,"Persis seperti hp android tapi versi laptop. Cocok untuk kebutuhan belajar-mengajar secara online. Aplikasi Zoom agak berbeda dengan versi cloud, tidak ada anotasi atau... ",4,Baik
510,40,m***h,Å•ada lama kirim nya,4,Baik
511,41,Ivan,komplit tanpa ada lecet cuma mash bingung cara pakai nya,4,Baik
512,42,Tiyas,"Produk sesuai, Chromebook kereenn.. cm proses dr penjual agak lama aja.",4,Baik
513,43,A***e,"sebelumnya saya cuma mau ngomong bahwa tidak ada masalah dengan toko ini. penjual responsif, barang jg oke sesuai deskripsi. hanya saja, kurir yg saya pakai yaitu a*n*r*j... ",4,Baik
514,44,Indra,Perbaikin untuk konsekuensi perihal pengiriman ya kak. Lain2 oke lahh,4,Baik
515,45,A***a,,4,Baik
516,46,Ekobolang,bingung makainya,3,Biasa
517,47,Lailatul,ga dapet free mouse :(,3,Biasa
518,48,E***F,"admin yg bales chat kurang jujur, kurir blm pickup bilangnya udah. giliran ditanyain jam brp dipickup, gabisa kasi jawaban pasti. utk kondisi laptop untungnya ga knp2. ga... ",3,Biasa
519,49,Rizki,"dikerjain waktu pengiriman gosend, awalnya bilang dikirim sebelum jam 12, tapi ga dikirim juga, saya minta buat kirim besok sekalian karena harus pergi lalu diiyakan, say... ",3,Biasa
520,50,C***i,"barang pas sampe bergarisÂ² kayanya ketumpuk paketnya krg bagus packingnya biasanya kl dr marketplace lain stlh dbuble wrap tebel masukin lg ke dus packing , alhasil dkomp... ",3,Biasa
521,51,muhammad,kurang informatif,3,Biasa
522,52,A***o,"secara fungsi kurang bagus, ternyata bukan fungsi laptop, hanya netbook, akibat minimnya informasi awal",3,Biasa
523,53,Dionsius,sy kira os ny windows rupanya os android,3,Biasa
524,54,Saeful,"semuanya oke kecuali mouse ngga sesuai deskripsi, ngga ada respon juga pas mau tuker",3,Biasa
525,55,K***n,Disarankan penjual order pakai packing kayu dan udah sy order TAPI datang malah cuma dikasih buble wrap hitam tipisğŸ‘,2,Buruk
526,56,Yayuk,"Hanya bisa buat zoom, Microsoft office word dan Excel tidak ada, mau download ada yang bisa dan ada yang tidak bisa.",2,Buruk
527,57,A***n,pelayan sangat buruk ğŸ‘,1,Sangat-buruk
528,58,siska,"Kirain laptop, ini android seperti laptop Jadi untuk basic Excel dan Word susah gak bisa, Keterangan nya kurang informatif",1,Sangat-buruk
529,59,d***y,rusak di dalam 24jam,1,Sangat-buruk
530,60,wiryono,"Pelayanan admin nya tidak ramah, saya diminta bayaran tambahan 60k untuk packing kayu karna kalo gak ditambah 60k barang ga bisa dikirim. ternyata pas sampai barangnya ti... ",1,Sangat-buruk
531,61,Georg,,1,Sangat-buruk
532,62,Liza,,1,Sangat-buruk
533,63,Fanky,ada bunyi2 di harddisknya..,3,Biasa
534,64,Early,"Kacoooo, udh kena ongkir di toped, pas dikirim malah diminta ongkir lagi sm kurir toko 100rb!!!",3,Biasa
535,65,Nia,Pengiriman sangat sangat Lama. percuma pakai kurir SAMEDAY. masukan aja jangan beli ditoko ini. mendingan yg lain,1,Sangat-buruk
536,66,C***a,"Sudah Request 3x untuk Faktur Pajak tapi di Ignore oleh seller. Sebelum beli sudah di chat dluan apakah bisa atau tidak, dan di confirm bisa. Tolong Itikad baik nya.",1,Sangat-buruk
537,67,Jay,"Bundling mousenya gak sesuai merk yg tertulis, selebihnya mantab",4,Baik
538,68,Asep,Barang OK tapi packing KURANG ok,4,Baik
539,69,robby,"Agak nyesal sih, karena waktu barang sudah sampai harga turun 200rb",4,Baik
540,70,S***l,baru sadar ternyata laptopnya lebar banget btw semuanya bagus dan gak ngeh juga ternyata gak disediain tas,4,Baik
541,71,Gunawan,"sedikit masukan,karena masuk musim hujan kalo bisa di lapisi pastik biar tidak basa kardusnya basah ,untungnya laptopnya kondisi baik,",4,Baik
542,72,yoga,Kualitas barang sesuai dengan pesanan namun estimasi pengirimannya tidak sesuai,4,Baik
543,73,ihza,"produk ok pengiriman aman, tapi di bagian yg di bilang layar sentuh sedikit misleading",4,Baik
544,74,J***k,Harga murah dan rekomendasi buat laptop low budget spek tinggi,4,Baik
545,75,I***k,"Mantap, cepet dan sangat menolong pelayanannya, sukses selalu gan ğŸ™ğŸ‘ğŸ‘",4,Baik
546,76,Donny,"Dapet barang cacat produksi dibagian layar, sering flicker / kedap-kedip. Komplain seminggu setelah barang diterima (22 Februari 2023) karna baru ketauan. Ditanya baik-b... ",3,Biasa
547,77,Wilson,Beberapa barang bermasalah. Keyboard ada yg mati setelah dipakai 2 bulanan. Ada yg trackpadnya tdk sensitif dan bisa lompat2.,2,Buruk
548,78,Arif,"Touchpad laptop kalo disentuh terjadi shaking. bisa diatasi sih pake mouse external, cuma ya produk sedikit cacat.",2,Buruk
549,79,V***a,staff atau karyawan ditoko gudang operasionalnya ITC ROXY MAS kurang komunikatif dan belum bisa .mentreatment customer dengan sopan dan ramah. pengiriman barang dari guda... ,2,Buruk
550,80,Edy,Kualitas barang bermasalah,1,Sangat-buruk
551,81,IQBAL,janjinya mouse Logitech tapi yg dikirim HP. males belanja disini lagi.,1,Sangat-buruk
552,82,anggi,"Kualitas barang bermasalah, Pelayanan penjual kurang, Kemasan tidak aman",1,Sangat-buruk
553,83,S***o,beli barang mahal jangan pakai kurir. eh malah di hilangkan .. gagal deh,1,Sangat-buruk
554,84,Ahmad,"Packing bagus, aman sampai tujuan, sempat ada kendala di pengiriman barang dimana sudah berhari-hari orderan barang tidak dikirim oleh pihak ekspedisi. ketika nanya ke Seller bilangnya harap sabar, masalahnya laptop harga 9jtan terakhir dipickup sama kurir trs barang gak ada proses pengiriman berhari-hari. sempat was-was takut ilang mana orderan orang lain. tapi Alhamdulillah selamat sampai tujuan. SARAN saya untuk SELLER kalau memang ada kendala dipengiriman bantu Buyer untuk menyelesaikan masalah jangan lepas tanggung jawab, bantu selagi masih bisa.",4,Baik
555,85,M***r,tombol shift tidak berfungsi. terpaksa bawa ke service center,1,Sangat-buruk
556,86,I***l,charger laptop tidak berfungsi. Tidak bisa mengisi daya.,1,Sangat-buruk
557,87,Riswanda,pengiriman melewati waktu seharusnya sampai tapi barang aman,4,Baik
558,88,GMS,Barang sudh sampe,4,Baik
559,89,F***a,"Sangat puas, sesuai dengan spesifikasi, bonusnya lengkap, mantap. Laptop langsung dipakai ngedit ğŸ‘ğŸ¼. Cuman mesti dicatat bahwa laptop ini berbahan metal, jadi kalau lis... ",4,Baik
560,90,Rudy,"Barang Overal tidak ada masalah dan Ori, cuma pengiriman agak lama karena ekspedisi yang dipakai.. Untuk kualitas sih sedikit kecewa karena keliatan tidak di QC oleh piha... ",4,Baik
561,91,S***n,"Paket sampai dengan aman, sampai saat ini belum ada kendala, sayang ga dapat SSD Samsung",4,Baik
562,92,rizki,"overall, cukup puas. cuma sayang packaging nya cuma pakai bubble wrap. sampai saat diterima sih aman. moga2 ga ada masalah di internalnya ke depan. Bonus tas laptop saja.",4,Baik
563,93,A***i,"unit sesuai dgn yg ada di foto, original, delivery by gojeg cepat, tks",4,Baik
564,94,Mohamad,barang bagus. fastrapon. pngiriman cepet. cuma kurang bonusnya aja yg gda. ktnya kosong dari acernya,4,Baik
565,95,Jersy,"oke, barang segel dan sesuai.",4,Baik
566,96,Muhammad,"Seller responsif, pengiriman cepat, laptop sementara berfungsi normal, cuma sayang g dapet ssd samsung...",4,Baik
567,97,Ryal,"respon seller cepat, tapi ketika minta free bublewarp tidak ti tanggapi, sayangnya dapet ssd merk micron, kecepatan standar, ga seperti ssd merk samsung yang lebih cepat.",4,Baik
568,98,K***a,"tidak dapat yg terbaik ssd-nya tapi gapapa bukan rezeki namanya adminnya ada yg ramah banget, ada yg lumayan jutekğŸ™ğŸ» Pengirimannya agak mepet yağŸ™ğŸ» At last terimakas... ",4,Baik
569,99,Jordhy,"Barangnya sesuai iklan dan tiba sesuai estimasi, cuma sayangnya sering ngefreeze dan shutdown tiba-tiba",4,Baik
570,100,Atikah,untuk produk: 1. trackpad miring sebelah meskipun tetap berfungsi dgn baik kata tokonya sih emang modelnya 2. SSD kenceng pol tapi kek gacha kalo hoki dapet yang samsung... ,4,Baik
571,101,A***d,"sengaja mesen buble warp 3 lembar, paket malah dibungkus pake trash bag, ga ada buble warp sama sekalipun ğŸ¤£ edited: overall semuanya bagus ga kecewa cuma kendala di bubl... ",4,Baik
572,102,Teguh,"Produk oke, respon seller jg cepat.. cm sayang request nota toko tdk bisa, why ???",3,Biasa
573,103,S***a,"Agak disesalkan, mengincar laptop ini karena kelebihannya di SSD, kecepatan ssd tidak seperti PCIe gen 4. Padahal konsumen yg lain dapat merk samsung. Tapi malah dapet y... ",3,Biasa
574,104,Bondan,"saya kasih bintang 3, packaging kurang safety tidak ada stiker fragile atau pecah belah dan hnya buble wrap tipis. tertolong laptop nya kondisi nyala. semoga tidak ada... ",3,Biasa
575,105,M***y,Toko respon dan sangat gercep. Cuma saat saya tanya ada slot kosong utk ssd katanya ada tipenya M2 NVME. Pas mau dipasang di acer center ternyata TDK ADA SLOT KOSONG... b... ,1,Sangat-buruk
576,106,J***r,"Respon sellernya sih cepet, tapi barangnya mengecewakan. Trackpad tinggi sebelah.. menyisakan rongga antara body dengan trackpad",1,Sangat-buruk
577,107,Rio,"barang sdh diterima dengan baik, tpi laptop yg dikirim bermasalah kita sebagai konsumen sangat dirugikan, penjual tidak mengecek sebelum dikirim, pas sampai ditangan kon... ",1,Sangat-buruk
578,108,Dimas,terima kasih gan barang sudah mendarat dengan selamat ğŸ‘ğŸ»ğŸ‘ğŸ» ada beberapa dent yang seperti nya bekas jatuh dan juga ada keyboard yang coak seperti kena rokok.,4,Baik
579,109,Segar,"baterainya boros, dan touchpad sering geser sendiri ketika disentuh",4,Baik
580,110,topas,"Puas, barusan barang tiba dan sedang disedang digunakan. Tapi perlu cek beberapa hari ini semoga tetap lancar..",4,Baik
581,111,Bahtiar,"Meskipun mundur sehari dari jadwal semula namun tidak apa-apa, aplikasi dan driver masih versi lama, sedang diupgrade sendiri, bintang 4 cukup ya ğŸ™ğŸ¾ğŸ‘",4,Baik
582,112,Bobby,"packing memuaskan rapih dan aman, untuk semuanya tidak ada komplain saya suka mantap min ğŸ‘ğŸ¼",4,Baik
583,113,Jambu,Kaca kamera ga ada Selebihnya insyaallah aman,4,Baik
584,114,S***h,kondisi fisik baik,4,Baik
585,115,A***s,"Barang yg dikirim kurang sip,bagian lcd kebuka dan tidak bisa nutup rapet,,stiker thinkpad bagian dalam tidak ada,,penjual responya bagus,,",4,Baik
586,116,Yuda,"okey, batrainya bertahan 2jam",4,Baik
587,117,I***n,"Puas, seller sangat membantu .",4,Baik
588,118,Rudisanusi,batre nya cuman kuat 1jam yg lain nya sih lancar,4,Baik
589,119,S***n,"barang sesuai, semoga awet.",4,Baik
590,120,Aldino,barang sudah diterima dengan baik hanya kondisi fisiknya saja yang kurang. terimakasih,4,Baik
591,121,Ridwan,"kerennn banget laptopnya, penjualnya juga bagus ramah, santun, & sabar melayani. Setelah laptop datang, Auto langsung saya pakai buat Programing & coding ğŸ¤© Nam... ",4,Baik
592,122,Hai,"datengnya ke Semarang cepet sih 2 hari doang, barangnya mulus, ternyata udah backlit keyboard, bisa scroll 2 jari, layarnya bukan pake TN paketnya IPS keren sih jadi mau... ",4,Baik
593,123,v***a,keyboard nya banyak yang ketukarğŸ˜­ harus ditempel bagian keyboardnya,4,Baik
594,124,AFIF,"Barang bagus, masih mulus walaupun bekas. booting cepet pake SSD storage",4,Baik
595,125,Tommy,Barangnya dalam kondisi baik,4,Baik
596,126,Dinta,"Jangan memiliki ekspektasi tinggi, biasa saja ekspektasinya, namanya juga laptop second (mungkin) eks luar negeri... khawatir kecewa...",4,Baik
597,127,T***h,performanya mantap.,4,Baik
598,128,E***n,barang mulus 95% semua sesuai deskripsi. seller responsif. recommended.,4,Baik
599,129,Adie,"Barangnya bagus, respon penjual cepat. Semoga barangnya awet. Terimakasih.",4,Baik
600,130,Luthfi,"Pengiriman cepat, packing mantap, dapet bonus mouse lagi.. Cuma sayangnya bukan tas selempang hehe. Semoga aman2 aja kedepannya dan awet. Edit: ternyata mikrofon gk ja... ",4,Baik
601,131,Y***a,,4,Baik
602,132,A***n,"Packing aman, bagus. Pengiriman hampir 2 minggu, biasanya dengan JNE truk maksimal 1 minggu (sudah lebih dari estimasi di toped sendiri. Pilihan warna tidak disediakan, p... ",3,Biasa
603,133,Dicky,"ada lecet bagian bawah melingkar, semoga laptopnya aman",3,Biasa
604,134,M***d,"Barangnya bagus kualitas hardwarenya juga, tapi yang jadi masalah adalah OSnya windows 11, seandainya OS bawaannya adalah windows 10 ini bisa lebih baik lagi soalnya seri... ",3,Biasa
605,135,K***n,"Pengiriman cepat dan paket aman. Tetapi pas buka, segel kotak telah terbuka. Takut juga kalau ada apaâ€.. Selebihnya bagus dan MS Office aktif. Semoga awet dan admin dapat... ",3,Biasa
606,136,G***n,"segel sudah terbuka, ada satu huruf keyboard yang bunyi2 ketika ditekan. sudah terlanjur aktivasi office, terima kasih",3,Biasa
607,137,Siti,Order biru nyampe silver. Yoweslah.,3,Biasa
608,138,amirul,"admin tdk ramah, bintang 1,",1,Sangat-buruk
609,139,a***g,"Pesanan gagal dikirimkan, sudah komplain, selesai pusat resolusi tapi sampai saat ini belum ada refund, dr tgl pembelian sudah terhitung 15 hari.. parah sih pelayanan Tok... ",1,Sangat-buruk
610,140,I,"Awalnya sempet ragu karena ada beberapa review yang bilang chargernya rusak. Tapi tetep coba beli dan pas sampe bener aja chargernya gabisa dipake, pas konsultasi malah l... ",1,Sangat-buruk
611,141,Iman,casan rusak ga bisa dituker. harus nuker sendiri,1,Sangat-buruk
612,142,kirana,pelayanan sangat buruk laptop datang dlam keadaan layar bengkok/ tidak rapat ketika ditutup ngajuin komplain malah ngebantah dan tidak bertanggung jawab padahal jelas&#34... ,1,Sangat-buruk
613,143,Muhammad,,1,Sangat-buruk
614,144,M***d,,1,Sangat-buruk
615,145,M***d,,1,Sangat-buruk
616,146,fania,lagi melakukan kegiatan download2 tiba tiba layarnya mati sendiri trus nyala sendiri. kenapa kah itu? msndadak banget bkin kaget. pdhl kondisi aman ga ku apa apain. tpi makasih saya ckup puas.,4,Baik
617,147,P***a,maaf min masalah nya dari Mimin udah aman tapi dari jasa pengiriman kayak orang Dadan lama banget kalo bisa ilangin aja min jasa same day yang antaraja:),4,Baik
618,148,sapto,K = Lumayan P = Bagus T = Keren S = Sesuai G = Ada Sayang Cepat Panas Touchpadnya Berisik Bonusnya Tas ğŸ˜€ğŸ˜€ğŸ˜„ğŸ˜„ Smoga Awet Buat Tempur Kerja,4,
619,149,Fadllyh,"Layar full HD.Â Kenceng buat gaming ğŸ‘.Â Desainnya keren.Â tapi sayangnya laptop cepet panas, baru di pakai 30 menitan udah panas banget",4,
620,150,eddy,"sesuai harapan dan pengiriman tepat waktu, kekurangan packingan nya hanya buble 1 layer tanpa pakai pelindung lain nya",4,
621,151,Joko,Packingan nya tidak safety banget.. hanya 1 lapisan dibagian luar saja. Untung saja laptop nya aman2 saja,4,
622,152,Mihma,Desainnya keren.Â Layar full HD.Â Gampang dibawa-bawa.,4,
623,153,Rega,"saya kecewa dengan packing nya, yg tidak sesuai SOP dari kurir yg cuma pake satu lapis buble warp. untuk laptop Alhamdulillah sesuai dengan spek yg ditawarkan",4,
624,154,Shidiq,cepat panas Wei gila nih laptop selain bisa dipakai buat ngetik juga bisa dipakai buat setrikaan,3,
625,155,y***a,"adminnya cuek, overall bagus sih",3,
626,156,arin,"mengecewakan sebenernya, free upgrade nya tolong di hapus klo sudah habis promonya, kaya ketipu jadinya, sekelas official store lo ini",2,
627,157,B***s,"Toko yang menyulitkan pelanggan! pembayaran via CC dikenakan charge 3% yang sangat tidak masuk akal. Apabila beli di toko namun settlement di tokped, dipaksa memilih pe... ",1,
628,158,W***i,"berat setelah ditimbang hanya 3,9 kg, dengan packing kardus. tapi di deskripsi dituliskan 12 kg. pengiriman ke riau. alhasil, kena biaya kirim 400rb an.",1,
629,159,B***o,"admin kurang soal pengetahuan laptop, admin kurang responsif, barang baru sampai keyboard tidak berfungsi bahkan on screen keyboard gabisa, tolong berhati2 membeli barang",1,
630,160,Y***B,"Pelayanan Tokonya baik tapi Laptop cepat Panas, saat Idle temperature bisa 73 C (nggak di pakai apa2, cuman browsing). pas di pegang di atas keyboardnya panas banget. Moh... ",1,
631,161,Andy,"sesuai deskripsi, sayangnya di foto ada gratis mouse sama tas nya yg datang hanya tas nya",4,Baik
632,162,N***l,"barang bagus, harga termasuk ok. sayang pengirimannya lama",4,Baik
633,163,Ike,"Barang ok, seller secara umum responsif, kekurangan produk yg dikomitkan Alhamdulillah dikirim, semoga bisa lebih teliti lagi dg komitmen dan pengiriman produk, tks seller",4,Baik
634,164,E***a,Barangnya overall bagus cuma gak bisa konek pakai earphone. Udah tanya ke seller cuma jawabannya kurang memuaskan,3,Biasa
635,165,f***y,pemakaian belum 1 bulan tapi layar redup sendiri,1,Sangat-buruk
