,komentar,rating,label
0,terkecoh banget sama variannya ternyata yang di klik 9a. bukan 9c. semoga awet deh ya hpnya. thx seller,4,positif
1,"Hp nya bagus. Tapi TG parah, sdh kotor di bagian lengketnya dari awal. Jd gak bisa dipake. Case nya kasar banget, mending case yg transparan aja sekalian. Padahal bayar l... ",4,positif
2,Pelayanan toko bagus. Hanya bagian pengiriman yg agak lambat,4,positif
3,Siip mantap,4,positif
4,"Produk original, pengiriman lumayan cepet. Belum di coba.. Tp looks ok nih.. Recommended seller.",4,positif
5,brg dh nyampe mulus g da cacat,4,positif
6,yang penting gercap barang aman k sipp,4,positif
7,pelyanan admin dan pengiriman sangat memuaskanBarangnya original ğŸ‘.Â Ada garansi resmi.,4,positif
8,"Pengiriman serta respon penjual cepat, tapi bonus nya tidak sesuai harapan; Order warna grey yg dikirim warna kemerahan stand holder nya malah jadi stand mic tempared gla... ",4,positif
9,Barangnya original ğŸ‘.Â Spesifikasi sesuai .Â Kelengkapan sesuai.Â Kemasan disegel.Â Warna sesuai pesanan.Â Berfungsi dengan baik.Â Barangnya mulus.Â Proses pesanan cepat.Â Packa... ,4,positif
10,Diterima dengan selamat meskipun ga dapet bonus apa2. Chat ga dibales2,4,positif
11,"HP sampai dgn cepat, dan kondisi baik... Terima kasih",4,positif
12,Ada garansi resmi.Â Barangnya original ğŸ‘.Â Kemasan disegel.,4,positif
13,Thanks yaaa fast responsğŸ™,4,positif
14,bgs tp bonusnya kurang bermanfaat,4,positif
15,"pengiriman cepat, seller responsif",4,positif
16,"barang semuanya ok, cuman bonus nya g dapat... dipostingan iklan nya katanya dapat aneka bonus tp g apalah yg penting HP nya sudah mendarat dgn selamat tks",4,positif
17,"Harusnya bisa bintang 5, tapi karena di sana ketulis ada bonus macem2 tp pas nyampe kaga ada 1 pun dapet apa2.",4,positif
18,pengiriman cepat barang sesuai,4,positif
19,barang sampai selamat sampai tujuan dengan waktu yang singkat dan owner fast respon. good job,4,positif
20,"Di gambar warna hitam, yg datang oren",4,positif
21,sangat puas belnja di toko ini,4,positif
22,barang sampai selamat sampai tujuan dengan waktu yang singkat dan owner fast respon. good job,4,positif
23,"Di gambar warna hitam, yg datang oren",4,positif
24,sangat puas belnja di toko ini,4,positif
25,,4,positif
26,gambar 9c yg dtg 9a ya sudahlah...,3,netral
27,5 hari (3 hari kerja) baru sampai. lama banget kirimnya,3,netral
28,"di foto dapet softcase, pas dikomplen, suruh milih gimana ceritanya, barang sesuai cuman GK gitu juga lah jualan",3,netral
29,barang bermasalah setelah bbrp hari,3,netral
30,kecewa pesen gift yg lengkap minus 1,3,netral
31,"sameday sehari sampai, sebelumnya chat tanya stok n promo sesuai keterangan produk, free kartu perdana, cek ternyata gak ada, harus buat video unboxing, lha belanja sejut... ",3,netral
32,"Barangnya original ğŸ‘.Â Spesifikasi sesuai .Â Warna sesuai pesanan.Â Packaging aman ğŸ™.Â .. cuman bungkusan luarnya basahğŸ¥º, tp untk HP nya masih aman",3,netral
33,"Moga2 aja barangnya awet, semoga",3,netral
34,bonusnya kurang 1 wkwk,3,netral
35,kirim nga sesuai warna ready grey blue kirim ya orange blue,2,negatif
36,"Mohon maaf seller bagus tapi bintang 2 buat kurirnya, melebihi estimasi dan status tracking tidak jelas, tgl 25-28 Jakarta-jateng tanpa keterangan. Karena saya pikir pak... ",2,negatif
37,"gk dapet softcase, padahal niat beli biar gk ribet uda lengkap.",2,negatif
38,kenapa kok yg datangnya 9A?? saya kan pesennya yg 9C...?? gx jelas... maaf ratingnya sy minuskn..,2,negatif
39,,2,negatif
40,,2,negatif
41,barang tidak datang....sampai sekarang. di komplain...malah di menangkan sama penjual,1,negatif
42,"sudah pilih pengiriman nextday, ternyata alhasil 5 hari barang baru sampai,",1,negatif
43,ty,1,negatif
44,"barang oke tapi judul anda ini loh menipu saya bos, emang salah saya kurang teliti cari toko",1,negatif
45,"awalnya ragu ada buyer lain komplain beli pake gift lengkap tapi dapatnya ga lengkap..(malah harganya lebih mahal untuk accesories standar), AKHIRNYA NGERASAIN KEKECEWAAN... ",1,negatif
46,Padahal sudah pesat gift lengkap tapi tidak ada softcase Di deskripsi tidak ada keterangan gift harus pilih tidak dapat semua. Pdhal nama varianya gift lengkap lucu aja.... ,1,negatif
47,Beda tipe bonus yg dikirim dgn foto yg ada di toko.,1,negatif
48,tidak sesui sama pesanan...judulnya tidak jelas dan menjebak pembeli,1,negatif
49,"Pengemasan agak lama, beli yg sama bonus stand hp dikasihnya stand mic dkira buat karoke ap ya ğŸ¤£ , bonus casing casingnya ga di kasih, popsocket pun gada kl gt ngapain b... ",1,negatif
50,versi berapa? tidak bisa donlod aplikasi tertentu,1,negatif
51,saya pesen yg 9c bukan 9A hadeeeeeeeeeeeeeeeeeeeeseeeeeeeeeeeeeeeeeee,1,negatif
52,repacking,1,negatif
53,official kok begini jual barang second tapi disegel ulang,1,negatif
54,BARANG BARU RASA SECOND ALIAS REPACK!!!,1,negatif
55,repack alias barang second baek2 yg beli disini,1,negatif
56,repack garansi ud lewat sebulan,1,negatif
57,repack garansi aktif sebulan ud lewat,1,negatif
58,"kualitas barang sesuai harga. pengiriman lama, 3 hari baru dikirim setelah konfirmasi pemesanan.",1,negatif
59,"katanya ada bonus sofcase, temperglas dll padahal saya sudah ingatkan sebelum pengiriman. ğŸ¤ª, saya minta dikirim lagi krn itu hak saya loh",1,negatif
60,Ternyata extra bonus nya cuma tipu tipu,1,negatif
61,ini knapa ya keder gua ktnya ada bonus kiranya klo gk ada bonus blng gak ada blang ada mna gak ada sue,1,negatif
62,"BONUS DI GAMBAR TIDAK SESUAI REALITA, BONUS NYA CUMA : TRIPOD , KARTU PERDANA, KANTONG ANTI AIR BONUS YANG PENTING : TAMPERGLASS dan SOFT CASE TIDAK ADA",1,negatif
63,"barang yg datang hanya unit HP, sedangkan gambar yg dipajang ada bonus macam2.",1,negatif
64,"katanya ada bonus sofcase, temperglas dll padahal saya sudah ingatkan sebelum pengiriman. ğŸ¤ª, saya minta dikirim lagi krn itu hak saya loh",1,negatif
65,Ternyata extra bonus nya cuma tipu tipu,1,negatif
66,ini knapa ya keder gua ktnya ada bonus kiranya klo gk ada bonus blng gak ada blang ada mna gak ada sue,1,negatif
67,"BONUS DI GAMBAR TIDAK SESUAI REALITA, BONUS NYA CUMA : TRIPOD , KARTU PERDANA, KANTONG ANTI AIR BONUS YANG PENTING : TAMPERGLASS dan SOFT CASE TIDAK ADA",1,negatif
68,"barang yg datang hanya unit HP, sedangkan gambar yg dipajang ada bonus macam2.",1,negatif
69,,1,negatif
70,,1,negatif
71,kotak nya agak rusak sedikit tpi mudah2an hp nya ga ppa blum di buka soal nya. dan kurir nya paket nya di titipin gak di anterin di rumah lumayan jauh juga ngambil paket... ,4,positif
72,"pengiriman cepat, barang sesuai pesanan mantuul",4,positif
73,ini pembelian kedua karena hape pertama ilang. hape kedua ini kayanya dapet gacha an:( batre nya boros pars dahal baru beli,4,positif
74,"barang nya da sampai untuk sementara puas, yang pasti kurir nya cepat bener",4,positif
75,"Masalah sms premium, tidak ada setting. Setelah factory reset bbrp kali, baru berhasil. pulsa terpakai 50 rb lbh",4,positif
76,"packing, waktu pengiriman standar",4,positif
77,jos,4,positif
78,"Mantap, order tadi pagi sekitar jam 10 an barang nyampe jam 13 an Belum buka total sih karna buat anak, biar buka sendiri terutama segelnya Puas dengan palayanannya",4,positif
79,Mantap,4,positif
80,Mantaaaab bos ğŸ‘ğŸ‘ğŸ‘ğŸ‘,4,positif
81,"Barang berfungsi dengan baik.Â Mudah digunakan.Â Packaging Aman.Â Kualitas sesuai harga.Â , dan respon seller rama banget udah berkali"" belanja di sini gak pernah kecewa.",4,positif
82,Barangnya original ğŸ‘.Â Kemasan disegel.Â Spesifikasi sesuai .Â Barangnya mulus.,4,positif
83,Barangnya original ğŸ‘.Â Kelengkapan sesuai.Â Spesifikasi sesuai .,4,positif
84,,4,positif
85,ada cahaya merah ditengah hp,3,netral
86,Thanks...ğŸ˜š,3,netral
87,pesen twilight dikirim biru ....,3,netral
88,"alhamdulillah, barang sudah sampai dan berfungsi semoga awet",3,netral
89,sering beli disini baru kali ini dapat repack sudah aktif dari january. next jika ada repack di infoin ya bos ğŸ™ udah jalan 1 bulan garansinya ini,2,negatif
90,barang rekondisi. sy kurang teliti belinya,2,negatif
91,hape 3 jutaan 3 tahun yg lalu. masih lebh baik dri hp ini. endorse youtuber untuk naikan barang. g sesuai ekpetasi. kalau mau ganti hp mending mikir lagi.,2,negatif
92,"Hp yang di beri hape bekas dan returan. beli baru 1 bulan riwayat penggunaan udh 6bulan dicek di service center, gak ada itikad baik dari seller malah disuruh service sen... ",1,negatif
93,"saya pilih dan centang pada aplikasi toped yg warnanya GREY, tapi yg dateng warna BIRU, saya minta tukar karena bukan kesalahan dari saya.. Dan saya ga suka warna cerah p... ",1,negatif
94,barang repack,1,negatif
95,siap Sdh diterima segel semoga TDK ada kendala kedepan.terimakasih seller,5,positif
96,Mantap,5,positif
97,mantap,5,positif
98,"pengiriman sehari langsung sampai, barang masih tersegel, Poco M4 PRO #POCOnyaBeraksi",5,positif
99,barang sampai dengan baik,5,positif
100,"Barang sesuai dengan deskripsi, kemasan bagus dan aman sampai tujuan, respon penjual cepat.",5,positif
101,Mantul ini mah.,5,positif
102,Barang masih segel Sesuai dengan pesanan Belum dicoba semoga berfungsi dengan baik,5,positif
103,"pengiriman sangat cepat, respon baik, recommended seller",5,positif
104,barang mantap respon cepat,5,positif
105,"Packing aman, barang masih tersegel, berfungsi dengan baik.",5,positif
106,"hp masih disegel, garansi resmi",5,positif
107,Produk bekerja dengan baik,5,positif
108,Pengemasan aman. Barang juga oke. Makasih seller,5,positif
109,top pengiriman cepat barang sesuai,5,positif
110,"mantap beli disini, pengirimannya cepat dan packingnya aman pakai dus ğŸ‘ğŸ˜",5,positif
111,keren barang nya,5,positif
112,"pelayanan toko bagus, Tokopedia bagus, cuma pengiriman lewat estimasi, terimakasih seller & Tokopedia.",5,positif
113,"Pengiriman cepat, Barang masih segel, kualitas bagus ... Semoga awet",5,positif
114,barang nya bagus sampai sekarang cuman takut aja update software katanya bikin lag dan sebelumnya pakai redmi note 7 lancar jaya abis update software malah tambah berat d... ,5,positif
115,sangat cepat respon nya dan kualitas bagus bungkus nya sangat rapih,5,positif
116,keren,5,positif
117,Alhamdulillah barang sudah sampai tak kurang suatu apapun,5,positif
118,good. konsumen suka..,5,positif
119,"sampainya cepet banget, barang oke, mantab deh pokoknya",5,positif
120,Barang berkualitas. bagus sy suka. Pengirimannya pake instant jadi cepat. Semoga awet dan lancar.,5,positif
121,barang diterima dengan baik. fungsi belom di coba. terimakasih,5,positif
122,Barang rapi tersegel saat sampai. belum sempat dipakai. semoga saja dengan Ram besar 8/256 hp ini akan awet. terimakasih seller...,5,positif
123,barang nya cepat sampaiğŸ˜ dan suka banget pakingnya rapih dan amanah ğŸ¥°,5,positif
124,barang bagus. manteplah,5,positif
125,aman banget packingnya. sampe cepat dan kualitas bagus sih. semoga tahan lama. gak nyesel belanja via tokped. semoga experience waktu makenya bagus,5,positif
126,barang official dari xiaomi pasti sudah terjamin aman,5,positif
127,Xiaomi Poco M4 Pro bagus ğŸ£,5,positif
128,"Packing ok, Pengiriman cepet banget... Barang berfungsi ..",5,positif
129,"mantap 3 hari test lancar gada kendala, seler fast respon banget, oke banget dah",5,positif
130,moga awet,5,positif
131,"barang tersegel dengan baik, packing aman, produk okeh sesuai deskripsi",5,positif
132,"bagus, berfungsi dengan baik dan aman bngt",5,positif
133,"barang masih trsegel, pgriman std barang mulus smoga awet",5,positif
134,,5,positif
135,"Barang sampai dengan aman, lumayan lah... baru nyalain udah panas",4,positif
136,"Terima kasih paket telah diterima dengan baik. Namun perlu ditingkatkan untuk proses ke pengirimannya, harusnya bisa jemput bola jika kurir ada kendala pickup.. kalau tun... ",4,positif
137,sudah diterima dengan selamat. tenkyu,4,positif
138,Bagus sesuai tapi pengiriman lama banget.,4,positif
139,"pengiriman cepat, PENGEMASAN BURUK POOOL.",4,positif
140,"barang bagus, sesuai pesanan, tpi pengiriman lama tidak sesuai / melebihi estimasi pesanan. itu saja makasih",4,positif
141,"paket udh diterima,alhamdulilah",4,positif
142,best prize best choice no cacat process officials store luambatttt polllll,4,positif
143,"Tolong perhatikan pelayananan kurir, terutama dari perusahaan jasanya. Kata kurir, yang memutuskan pengiriman sampai / tidak itu tergantung perusahaan jasa kurir tersebut... ",4,positif
144,Barang original resmi. Tapi sangat kecewa dengan pengirimannya sangat lama. Pesan hari jumâ€™at di kirim hari selasa. Packing sangat simple ga safety,4,positif
145,"Product sesuai, lebih mantab lagi bonus sd card",4,positif
146,Barangnya original ğŸ‘ Kemasan disegel Ada garansi resmi Warna sesuai pesanan Barangnya mulus Packaging rapi Packaging aman ğŸ™,4,positif
147,Pengiriman langsung sampai dan cepat hanya belum dibuka,4,positif
148,"Produk oke . Di terima gaada cacat sama sekali.Pokoknya mantap.Ga ragu deh . Semoga si awet tahan lama. Cuma 1 kurangnya Dr toko ini , slow respon sangat. Nanya kapan.... ",4,positif
149,barang bagus aman....cm proses verivikasi agak lama..,4,positif
150,"barang sesuai, bagus, masih segel, sayang pengirimannya lama sampai 4 hari baru sampai, padahal masih 1 provinsi dan sudah pilih ekspedisi yang 1 hari sampai",4,positif
151,"pengiriman cepat, HP ori, tapi sayang cepat panas",4,positif
152,"semuanya okelah, fast respon, chat ok, barang bagus dll, ...cuman kurirnya aja yg agak lama ...",4,positif
153,Memang cuma Infinix yg bener2 Pawang nya Gelio G Prosesor. Maen game di hape ini sering ngelag dropd FPS nya. Layarnya agak kecil krn memang sy biasa pake layar minimal 6... ,4,positif
154,"Barang ori,respon cepat, minus di pengiriman saja delay",4,positif
155,"Barang mantap, seller responsif, masalah di kurir aja karena gak tepat waktu",4,positif
156,Barang bagus .. ORI ... packing aman.. kurir baik dan cepat 1 hari sampai Lagi di setel,4,positif
157,"Barang ori,respon cepat, minus di pengiriman saja delay",4,positif
158,"Barang mantap, seller responsif, masalah di kurir aja karena gak tepat waktu",4,positif
159,Barang bagus .. ORI ... packing aman.. kurir baik dan cepat 1 hari sampai Lagi di setel,4,positif
160,,4,positif
161,kadang kamera tiba-tiba error,3,netral
162,"Barang bagus dan berfungsi baik, ttp respon admin utk mengirim barangnya lambat.",3,netral
163,pengirimanya lama,3,netral
164,"pengirimannya tiba di hari terakhir estimasi, sempat khawatir, namun akhirnya datang juga",3,netral
165,"Tidak bisa pakai TF card , kalo masuk TF card gak bisa operasi , Hang display. sdh coba ganti 3 TF card yg berbeda.",3,netral
166,Pengiriman lama. Hampir 1 minggu baru sampai,3,netral
167,Pengiriman barang memakai jasa pengiriman yg lambat. Jakarta - Bandung 4 hr,3,netral
168,Packing kurang aman,3,netral
169,"produknya ori, tp speaker nya bermasalah nih. bs retur ga ya",3,netral
170,hp bagus.. yg kurang cuma pelayanan dr admin nya. seperti chat sma robot. admin jg slow respon banget. smoga bisa ditingkatkan,3,netral
171,"pelayanan kurang bagus, pengiriman tidak sesuai dengan yang diharapkan",2,negatif
172,"tidak ramah, dikirim ke Sumatera Selatan tapi buble wrap tipis banget hasilnya dus hp pada penyok, Untung hp nya ngga kenapaÂ²",2,negatif
173,,2,negatif
174,baru pertama kali beli hp online eh yang didapat unit cacat. pergi ke tempat service katanya software nya bermasalah mau gamau harus bayar lagi buat service. hadeh kapok... ,1,negatif
175,"saya sangat menyesal membeli produk ini, karena UI sering ada ilkan, dan asuransi saya tidak bisa diklaim",1,negatif
176,"Pengiriman sangat lama..... komplen tidak di follow up dengan baik, kayak ngobrol ama robot. malah kita yang disuruh cek ke tokopedia. ahirnya bener sih, saya juga yang c... ",1,negatif
177,"barang nya oke, bubble lumayan tebel. TAPIIII.......nyesel banget nyobain SAMEDAY dari PAXEL , hargonya sehari sampai buktinya di pesen tgl 16 malam hari, nyampe nya tang... ",1,negatif
178,,1,negatif
179,"mantap, terima kasih! ğŸ‘ğŸ½",5,positif
180,barang sesuai deskripsi. lgsg dipakai anak. mantaplah buat mereka. thanks,5,positif
181,"Barang sampai dengan aman, seller juga responsif ğŸ‘Œ soon semoga order lagi",5,positif
182,ğŸ‘ğŸ‘ğŸ‘ğŸ‘ğŸ‘,5,positif
183,barang sesuai diterima dengan baik.,5,positif
184,barang masih disegel dan diberi bubble wrap,5,positif
185,siiiiip ğŸ‘ğŸ‘,5,positif
186,Toppp Aman,5,positif
187,sudah sampai barangnya walau ada trouble sedikit dalam pengiriman,5,positif
188,mantapp,5,positif
189,"proses & pengiriman cepat, terimakasih ğŸ«¡",5,positif
190,"Barang datang dengan Keadaan baik, proses pengiriman cepat, bagus mantap. Xiaomi semoga awettttt",5,positif
191,realpik banget masih segel. Terimakasih Xiomi.,5,positif
192,Produk mendarat dengan baik,5,positif
193,Semoga awet,5,positif
194,barang kondisi bagus...masih tersegel rapi.. respon cs bagus...,5,positif
195,"barang ok,segel aman packing rapih",5,positif
196,"Barang msh disegel, kualitas bagus, ORI...",5,positif
197,"hp ny sesuai pesanan , pengiriman cpet dan playanan oke juga .makasii xiaomi official",5,positif
198,sesuai dengan harga,5,positif
199,"barang masih di segel, seller ramaah, barang ori asli dan canggih",5,positif
200,"barangnya bagus, aman, dan berfungsi dengan baik terimakasih seller recommended belanja di sini untuk beli hp datangnya juga cepat. barang berkualitas harga terjangkau... ",5,positif
201,original dan segel terimakasih,5,positif
202,mantab,5,positif
203,nyampe tepat waktu barang bagus masih disegel. te o pe lah. terimakasih,5,positif
204,"Barang segel, bagus, sesuai deskripsi, butuh tambahan micro SD aja sih",5,positif
205,"Barang masih segel, bagus, sesuai deskripsi",5,positif
206,sesuai harga,5,positif
207,â”ˆâ”‰â”‰â”‰â”â”â” âï·½â â”â”â”â”‰â”‰â”‰â”ˆ,5,positif
208,alhamdulillah sesuai dan pengirimannya cepat walau pakai kurir recomend.si cepat.mksh xiaomiğŸ‘,5,positif
209,"barang masih disegel, baru dibuka dan cek layar, karena buat hadiah ke orang. semoga awet ya",5,positif
210,top,5,positif
211,"respon penjual cepat, proses pesan cepat, barang diterima bagus sesuai dengan pesanan, paking rapi dan aman, sampai saat ini barang bagus dan tidak ada kendala",5,positif
212,"Keterlaluan sih pakingnya, hp sekecil ini d paking d dus gede trus isinya burblewrap smua. mantap sih biar aman barangnya. makasih tokped.",5,positif
213,"barangnya hilang di ekspedisi, namun seller bertanggung jawab, klaim saya ditindak lanjuti, saya akan coba beli lagi setelah dana saya dikembalikan beserta dan asuransi y... ",5,positif
214,barang diterima sesuai pesanan,5,positif
215,Nice.. Xiaomi official store fast respon and fast delivery.tks,5,positif
216,"pengiriman cepat, barang sesuai, goodjob",5,positif
217,produk berkualitas tinggi dan sangat bermanfaat buat kehidupan tq,5,positif
218,mantap,5,positif
219,"segel aman , cuman pengiriman nya lama banget",4,positif
220,hmmmmm,4,positif
221,"ga se wow yg ku bayangkan karna pas dipake isi dalemnya display dll jelas beda sama yg smartphone sekelas keliatan jadul, untuk expand ram juga butuh memory card yah baru... ",4,positif
222,Normal office for that price,4,positif
223,barang sesuai pesanan,4,positif
224,Bagus untuk harga segini,4,positif
225,"Alhamdulillah barang nya cepet sampai,packing rapi bagus,ini barang pesenan orang lain. mf ga bisa kirimin Poto nyaa,karna langsung di kasihin, lupa di Poto in",4,positif
226,nggak dapat casing,4,positif
227,barang oke. sesuai dengan harga yang relatif murah,4,positif
228,bagus,4,positif
229,"Alhamdulillah sudah sampai,terima kasih xioami sudah mengeluarkan HP ramah dikantong,kebetulan hp Ayah rusak,jd jodoh disini.",4,positif
230,pengiriman barang agak telat bossku,4,positif
231,Kemasannya harusnya lebih baik lagi.,4,positif
232,pelayanan ramah dan cepat,4,positif
233,,4,positif
234,beli di official store berharap pelayanan prima.. tp zonk.. di janjiin kirim sabtu tapi baru diproses kirim senin.. uda gitu kurirnya juga lama bet ğŸ¥ºğŸ¥º,3,netral
235,"Respon seller dan barang ok, rekomended. Tapi jangan pake kurir SI CEPAT deh, ga rekomendasi banget, pengiriman lewat 2 hari dari estimasi sampai, journey trackingnya jug... ",3,netral
236,respon kurang,3,netral
237,"barangğŸ‘, kurir ğŸ‘ untuk wilayah Kab. Tanah Bumbu, kalse kalau bisa jangan gunakan si Cepat, kurirnya geselin, keterangan di aplikasi paketnya sudah kuterima, tapi paketn... ",3,netral
238,"proses dr Xiaomi ke ekspedisinya lama, untuk hpnya bagus untuk harga 1 jutaan",3,netral
239,Sedikit kecewa dg pengirimannya yg lama secaraaaa ini official gt kanâ€¦..barangnya udah sampe tp blm sy cek krn baru mau balik jlt dr luar kota dan sudah info ke adminnya... ,3,netral
240,pengiriman lama,3,netral
241,hpnya lemot pollll,2,negatif
242,Adminnya tidak ramah dan slow respon,2,negatif
243,"Kurir rekomendasi, masa gatau alamat diem2 aj, nggak ada inisiatif chat atau apa, respon penjual bagus",2,negatif
244,"sayang banget nggak bisa dipake buat aplikasi grab driver gara gara tidak bisa menampilkan aplikasi diatas aplikasi lain, selain itu pelayanan kurang ramah, jawab singkat... ",2,negatif
245,korupsi ongkir,2,negatif
246,,2,negatif
247,pengiriman nya,1,negatif
248,salah ukuran kasihnya padahal sudah dikonfirmasi di chat..,1,negatif
249,paket belum diterima liat dilacak ehh stack di sortir pengirimann ditanya baikÂ² malah suruh komplain dengan entengnya mana komplainnya dah seminggu lebihh sesuai klaim be... ,1,negatif
250,pengirimanya lelet/ lambat payah,1,negatif
251,,1,negatif
252,,1,negatif
253,"Barang original resmi, respon cepat, pengiriman mantab, sesuai pemesanan, mantab pokoknya âœŒ",5,positif
254,"barang masih disegel dengan baik, handphonenya pun masih baru, kemasannya juga gak ada rusak, handphone nya menyala dengan baik, pokoknya mantap",5,positif
255,Ok,5,positif
256,"Barangnya sesuai pesanan. Mudah2an awet. Packing oke, pengiriman lumayan cepat. Thanks",5,positif
257,"Alhamdulillah paket sampai dengan selamat. keadaan aman, kardus penyok sedikit tapi nggak apa2. Pake pengiriman sameday, mesan jam 12 nyampe jam 8 malam ğŸ¥° HP yang udah d... ",5,positif
258,"packing nya aman dan rapi, semua fitur berfungsi dengan baik ğŸ‘",5,positif
259,"barang sampai dengan kondisi baik, fitur fast chragingnya cepat dlm mengisi baterai",5,positif
260,ğŸ‘ğŸ‘,5,positif
261,Mantap,5,positif
262,cs na slow respon ğŸ‘Œ,5,positif
263,good,5,positif
264,"kedua kali beli smartphone disini, dari 2017 memang favorit banget pake xiaomi dari redmi note 7,redmi note 8, redmi note 10 5G, ini yg terbaru redmi note 12pro 5G. I LO... ",5,positif
265,dr taun 2020 akhirnya upgrade note 9 pro to note 12 pro,5,positif
266,top banget barang original segel garansi ok paking bagus Aman gak kecewa pokok nya,5,positif
267,Xiaomi mantap poll,5,positif
268,barangnya sagat memuaskan.. walau pun pengiriman agak telat,5,positif
269,Official store emg terpercaya.. good recomended seller. puasa banget sama barangnya,5,positif
270,oke..,5,positif
271,"bagus, segel aman, dan respon cepet",5,positif
272,"Barang original, sesuai dengan description. Barang asli. Segel kotak bagus. Kekurangan: pengiriman ditinggal di depan pintu, tanpa bel dan telepon, untung tidak hilang, h... ",5,positif
273,"pengiriman lumayan lama, respon penjual sangat baik dan cepat, kemasan produk aman dan rapi. berfungsi dengan baik.",5,positif
274,"Packing aman, semua fitur bkerja dengan baik, sesuai ekpektasi brngnya, bagus sekali. Terima kasih gan atas produk dan pelayanannya",5,positif
275,"Kualitas barang luar biasa. Main PUBGM sudah bisa Smooth Extreme. Refresh rate 120Hz, bikin nonton dan kerja jadi lebih enak!",5,positif
276,"brg sesuai,fungsi normal,semoga berkah buat cr rejeki",5,positif
277,"Barang bagus tnpa ad kendala,smua berfungsi baik",5,positif
278,"barangnya bagus banget, sesuai ekspektasi cm pengiriman dr pihak xiaomi lelet banget",5,positif
279,"terimakasih,0 bintang buat pengirimannya",5,positif
280,bagussssss cuman pengiriman agak lama,5,positif
281,Pengguna setia xiaomi. Harga murah kualitas dijamin tidak murahan.,5,positif
282,bagus,5,positif
283,Kalo official seller pasti gak diragukan lagi lah...,5,positif
284,mantap dah,5,positif
285,ntapppp,5,positif
286,"Barang segel, berfungsi tanpa kendala, mantap",5,positif
287,"mantap,,,,,ğŸ‘ğŸ‘ğŸ‘",5,positif
288,"barang diterima 15 April, langsung dicoba, dan mantul...",5,positif
289,"barang aman, mulus, admin fast respon, sangat rekomendet",5,positif
290,,5,positif
291,,5,positif
292,,5,positif
293,"Barang Original, Segel, bungkus rapi. pakai bubble warp pastinya aman. cuma chat dibales lama. Redmi Note 12 Pro Spek sesuai deskripsi.",5,positif
294,Lumayan puas dengan xiaomi official store cuma yang sangat saya kecewakan di bagian jasa pengirim paketnya yaitu sicepat pengirimannya lambat banget sampai sampai waktuny... ,5,positif
295,Komunikasi tolong diperbaiki. Slow respon sekali. Utk barang tdk ada masalah. Barang sampaipun sesuai perkiraan.,5,positif
296,"Barang barusan diterima, masih segel jadi saya yakin qualitasnya original Xiaomi. Sebelumnya pakai Mi 9, sampai hari ini berfungsi baik cukup puas. Semoga Xiaomi Redmi No... ",5,positif
297,"barang bagus dapet cashback jg, packing bagus hanya saja pengiriman agak lemot tpi yaa okelaah",5,positif
298,"paket sampai dengan selamat, aman dan segel hanya lama di pengiriman 6 hari baru nyampe pdahal jkt-kbm, dimohon untuk diperhatikan lg kedepannya, Terima kasihğŸ‘",5,positif
299,"barang nya sih oke,,, sesuai bgt,,, cuma kendala di pengiriman, sminggu baru nyampe... -_-(",5,positif
300,barang sesuai harga. nggak expect gmn2,5,positif
301,"Barangnya bagus, tapi sayangnya lama sampainya",5,positif
302,"Hanya 1 masukan : ADMIN HARUS FAST RESPON, APALAGI KALO DI CHAT. SELAMA INI ADMIN SANGAT SLOW RESPON. Semoga bisa jadi masukan & ada perubahan.",5,positif
303,Respon menjawab lama dan kurir salah kirim alamat,5,positif
304,"Mantab,...keren,.. top markotob... Walau sebetulnya mau beli yang paket bundling buds 4 pro,... hikss.. Semoga xiaomi kasih saya voucher diskon utk pembelian buds 4 pro.",5,positif
305,"semua ok, kecuali kecepatan respon dalam membalas chat. ğŸ™",5,positif
306,"barangnya bagus original, cuman proses pesanan nya lama. mohon di tingkatkan lagi. terimakasih",5,positif
307,alat pelepas sim nya ga ada,5,positif
308,top lah redmi sayang msh android 12,5,positif
309,"barang masih segel saat diterima, utuh dan kemasan aman rapi. Respon penjualnya agak selow pas ditanya ttg pengiriman yg tdk update progressnya jawabannya kurang responsi... ",5,positif
310,pengiriman lama,5,positif
311,"barang masih segel sesuai pesanan, cuman seller lambat respon dan lama pengiriman",5,positif
312,original paket aman,5,positif
313,mantul,5,positif
314,,5,positif
315,"barang segel resmi dr toko official xiaomi tapi koq packingannya kurang safety, stiker fragile di kotak paket kecil skli, jadi kemungkinan nya pihak ekspedisi, apalagi sa... ",3,netral
316,"Lama kirimnya, tidak sesuai ketentuan pengiriman",3,netral
317,Pengiriman lama,3,netral
318,"barang sudah sampai, tpi kok kga dapet bonusNya ya? apa cuma gimick doang supaya banyak yg beli!!!!",3,netral
319,tempat kartu SIM card keras di tekan,3,netral
320,,3,netral
321,,3,netral
322,"Pengiriman lama dari sicepat tiba-tiba ganti jadi jne ditengah jalan. Kemasan dus penyok+buble cuma 1, Warna layar kuning, cs tidak kooperatif",2,negatif
323,"beli dengan pengiriman same day tapi 4 hari baru nyampe ,,expedisi ******",2,negatif
324,"Pengiriman lama kesalahan bukan dr pihak ekspedisi tapi dari pihak penjual yg tidak siap mengirim barang, jika tid siap jangan ada pilihan nextday!",2,negatif
325,"Redmi Note seri Pro... 13 april 2023 ""edited"" setelah penggunaan beberapa hari rasa2nya batrainya gampang banget abis pdahal g di pakai game samsek, cuma sesekal... ",2,negatif
326,"+ kualitas produk mantap + sesuai ekspektasi + fast Charging dari 30% gak sampai 30 menit dapat 95% + kelengkapan komplit dapat Charger 67W + Packing aman, ada kardus ta... ",1,negatif
327,"Kecewa ke pelayanan, 3 hari baru dikirim, minta dicancel tidak direspon",1,negatif
328,"MIMPI BURUK Ketika Belanja HP secara online terjadi! Tanggal 04 April 2023 saya pesan dengan jasa kurir PAXEL NextDay. Singkat cerita, paket gak datang-datang, ternyata H... ",1,negatif
329,"Sayang banget pesen tanggal 4 pas jam 12 malah di kirim esok hari nya, kalah sama yang lain yang beli siang nya tadi di kirim siang hari",1,negatif
330,Pembeli ada keluhan dan ada pertanyaan kok gadijawab. Mengecewakan,1,negatif
331,"barang tidak ada masalah, pelayanan aja yang kurang. telat ngirim pas request batal mo ubah pengiriman yg instan di tolak",1,negatif
332,,1,negatif
333,Ada bug pas nyoba tethering yaitu tidak bisa jadi hotspot kalau jaringan di setting 5g. Dan juga pas proses po tidak memuaskan. menunda pengiriman tanpa kompensasi apap... ,3,netral
334,zeeb,3,netral
335,"barangnya udah bagus banget cuman pengiriman ekspedisinya yang harus di tingkatkan karena udh nyampe di gudang kota saya 2 hari ga di kirimÂ², akhirnya saya ngambil sendir... ",3,netral
336,"Secara performa hp ini cukup gahar, RAM dan ROM sangat lega, tidak cepat panas, dan kemampuan charging sangat luar biasa. Satu satunya kelemahan ada pada layar yang baru... ",3,netral
337,"Honestly, minus pada kepastian waktu pengiriman, overall untuk spesifikasi dan kualitas produk cukup memuaskan pada saat ini, semoga bisa awet dan tidak mengecewakan pela... ",3,netral
338,alhamdulillah sampai juga,3,netral
339,barangnya oke tapi pengirimannya lama,3,netral
340,"untuk barang ok, hanya pengiriman yg kurang",3,netral
341,"untuk perihal imei seharusnya sudah siap sebelum dijual ke publik, jadi tidak menghambat proses PO",3,netral
342,"ya ke diapain penjualan yg lama, tapi hp memuaskan",3,netral
343,"barangnya segel, cuman hp nya panas ternyata, agak kecewa padahal ada liquid camber apaan itu lah, tapi ternyata suhunya puanas, over all hpnya bagus, cuman ya agak ange... ",3,netral
344,"Kualitas Produk: 5 Produk sangat baik, spek sesuai keinginan, dan melebihi ekspektasi soal price to value. Saya rekomen HP ini untuk sesama gamers kompetitif karena punya... ",3,netral
345,,3,netral
346,,3,netral
347,,3,netral
348,"untuk barangnya bagus sesuai dengan apa yg ditawarkan. TAPI, untuk masalah pre-order yg harusnya 7hari dikirim malah dikirim pada hari ke 13 yg menandakan bahwa TIM PENJU... ",1,negatif
349,lemottt,1,negatif
350,semoga menjadi bahan pertimbangan untuk membuat Pre Order suatu barang. Terima Kasih,1,negatif
351,"Drama terus Iqoo ini.. udah pengiriman telat, ga mau bantu rubah alamat, sekarang garansi yg dijanjiin 2tahun ternyata cuma setahun",1,negatif
352,"Hipotesis diterima, kualitas pelayanan berpengaruh signifikan terhadap kepuasan konsumen. Berarti kualitas pelayanan yang diberikan oleh VIVO terlalu buruk, sehingga ting... ",1,negatif
353,kualitas speakernya parah. jauh dari ekspetasi. CEMPRENG,1,negatif
354,"barang OK banget, cuma minus di proses pengiriman dari sisi vivo nya,, udah bikin PO tapi barang belum siap kirim saat masa PO selesai,, tapi tidak menutup mata soal bara... ",1,negatif
355,standar aja. packingan asal bungkus2 bubble wrap. label nama penerima ga ada.cuma asal tulis nama. warranty card ga dikasi stempel toko.niat si baik mau kasi bonus temper... ,3,netral
356,Pas sampai aman tapi belum seminggu pakai layarnya ada garis hitam. Dan after sales nya late respon dan tidak membantu sih cuma disuruh ke ibox:(,3,netral
357,barang sampe tp hpnya ga ada. diganti sama asuransi jd makan waktu. cuma bisa kasih bintang 3 aja. netral,3,netral
358,"barang mulus dan masih tersegel. overall bagus pengiriman, hp tidak ada kendala. cuma bingung cara klaim spotify sama youtube premiumnya, cs nya slowres",4,positif
359,"barang aman, dapat adaptor. tapi kecewa sama JNE, butuh waktu seminggu sampe rumah, biasanya hanya 4 hari paling lama",4,positif
360,"barang masih tersegel, bonus charger. keren walau pengiriman agak tertunda",4,positif
361,"barang ori ya karena OS, packing aman apa lg kurir instant. tp proses pengiriman sekelas OS masih payah. delay 1 hari pakai instant kurir. tolong di perbaiki tuh.",4,positif
362,"Ada keterlambatan pengiriman dari pihak Samsung namun barang diterima dengan selamat, packing lumayan, semua perangkat berfungsi dengan baik. Terima kasih..",4,positif
363,"Pertama kalinya beli barang jutaan via ecomm, dan untungnya semua lancar2 aja. Terima kasih untuk Tokopedia, staf Samsung dan pak Achmad Muji yg sudah berperan mengantark... ",4,positif
364,semua oke kecuali 1 lamanya pengiriman,4,positif
365,"barang bagus, tp pengiriman ny lama",4,positif
366,"barang bagus, cukup utk jalanin aplikasi harian, tapi utk detail reviewnya gimana silakan search di Youtube ya",4,positif
367,"mantab ya ges ya, datang dengan selamat dan belum ada keliatan kecacatan sedikitpun, nanti kalo dah sebulan ku up bintang 5",4,positif
368,"Barang bagus sesuai pesanan masih segel, packing oke, cuma respon proses & pengirimannya kurang cepat",4,positif
369,"Barang sudah diterima, Unit Handphone nya berfungsi dengan baik, charger berfungsi, barang ORI, recommended. thank you...",4,positif
370,"Barang cukup bgs, cm respon penjual lama. jd sy ga tau bs atau ga order brg tsb krn penulisan stock tdk sm dgn actual",4,positif
371,alhamdulillah barang sampai dengan selamat. original dan berfungsi dengan baik. cs tolong lebih fast response ketika pelanggan bertanya. semoga lebih baik kedepannya. ter... ,4,positif
372,"Thanks for the free travel adapter, kualitas barang Official Store gak perlu diragukan lagi. Maaf tapi hanya bisa kasih bintang 4 ya, karena respon dan proses pengiriman... ",4,positif
373,"Kualitas produk bagus, tapi pelayanan toko kurang memuaskan, respon lama. Terus paket saya hampir saja diambil orang dengan menunjukan nomor resi yang sama. Padahal yang... ",4,positif
374,"kasih bintang 4 dlu lah ngab, masa sim ejektornya gada hadeh, padahal ini baru loh aneh banget.",4,positif
375,"kecewa, gk dapet adapter nya.",4,positif
376,tuk Dana pengembalian,4,positif
377,kualitas bagus,4,positif
378,Kualitas barang sesuai ekspektasi. Tapi packagingnya perlu diperbaiki ya. Kardusnya sempet penyok.,4,positif
379,Tidak dapat claim samsungcare+ dan claim bonus lainnya padahal sudah mengikuti sesuai instruksinya,4,positif
380,barang bagus tapi pengiriman lama banget padahal udah pake next day,4,positif
381,barang bagus,4,positif
382,barang original semoga awet tanpa kendala... tingkatkan lagi pelayanan yg gercep sekelas brand besar harus sat set sat set,4,positif
383,"pengiriman dan pelayanannya kurang baik sekelas official store. barang dan bonus sesuai, untuk Spotify 3 bulan bingung claimnya gimana caranya.",4,positif
384,"barang masih segel,pengiriman lambat",4,positif
385,"Barang asli dgn warna cakep bgt tp kardus agak penyok, dapat harga sale mayan lah apalagi dapat free traver adaptr ori samsjng, thankyou samsung ofc",4,positif
386,"Barang sudah sampai, packing nya aman. kurirnya juga baik. cuma samsung care+ sama spotify nya masih blm bisa diaktifkan. mohon tanggapannya",4,positif
387,terima kasih. meskipun saya hampir ketinggalan pesawat gara2 nunggu paketannya. kesalahan sistem pencari driver antara tokopedia dan gojek. sameday alhamdulillaah 3 hari.... ,4,positif
388,muantapppppp betul samsung m23,4,positif
389,barang original.pengiriman cepat,4,positif
390,Mantap,4,positif
391,barang cepat sampai sesuai pesanan,4,positif
392,"pengemasan dan device aman, bubble wrap tebal + dus, dapat bonus charger 25 w, hanya saja pengiriman dari anteraja sangat lama (4 hari lebih), kedepannya dari pihat penju... ",4,positif
393,keren dan bagus barangnya,4,positif
394,muantapppppp betul samsung m23,4,positif
395,barang original.pengiriman cepat,4,positif
396,Mantap,4,positif
397,barang cepat sampai sesuai pesanan,4,positif
398,"pengemasan dan device aman, bubble wrap tebal + dus, dapat bonus charger 25 w, hanya saja pengiriman dari anteraja sangat lama (4 hari lebih), kedepannya dari pihat penju... ",4,positif
399,keren dan bagus barangnya,4,positif
400,"barang sudah sampai, tapi yang dikirim tidak sesuai warna nya. sisa nya ok semua tidak ada masalah.",3,netral
401,ga dikasih free adaptornya,3,netral
402,"nyesal beli disini lebih mahal terpengaruh ulasan dpt charger ternyata hanya HP dan kabel saja,harga lebih mahal dari toko lain.Hati hati terpengaruh ulasan,sudah kirim n... ",3,netral
403,Pengiriman lama overall bagus,3,netral
404,Keterangan promo benefit tidak detail dan kurang jelas.,3,netral
405,"Untuk respon seller dalam pengemasan lumayan cepat, untuk barang sesuai pesanan, dan masih baru dan segel, top ğŸ‘ kekurangannya: respon chat menggunakan otomatis chat jdi... ",3,netral
406,"biasa aja, ngirimnya lama transaksi siang tetep di kirim besoknya",3,netral
407,respon admin nya parah bgt lelettttt cuma ngandelin balasan otomatis cuman hp good lah g nyesel beli disini tapi admin kualitas jelek bgt,3,netral
408,"Barang nya bagus, pelayanannya huek..mau muntah. lelet",3,netral
409,"barang bagus,hanya pelayanan yg kurang.sekelas official store pelayanannya sangat mengecewakan.pesana tanggal 3 dan baru dikirim tanggal 6,itupun setelah mengajukan pemba... ",3,netral
410,"Barang bagus saya ga ada komplain soal barang, cuman pengiriman ini termasuk yang paling lama. Pengiriman super lama hampir 30 menit lagi pembatalan otomatis, di chat dar... ",3,netral
411,"packing aman, tapi pengiriman toko lambat. Pesan jumat sore, baru sampe Rabu siang padahal nextday",3,netral
412,"Barang bagus tapi komplain saya sama dengan orang2 yg memberikan ulasan disini : PENGIRIMAN LAMA, KESALAHAN DARI ADMIN , BUKAN DARI KURIR. Saya pesan pengiriman instant d... ",1,negatif
413,"saya pesen dr tgl 8, dan kebetulan itu tgl merah, saya maklumi tidak dikirim, tapi sangat disayangkan pelayanan dr toko ini. 1. responnya Sangat lama dan itu Seperti Bot... ",1,negatif
414,Respon dari admin hanya template dan balesnya lama. saya beli barangnya pake instan dan pengiriman ga sampe 3km tp harus nunggu hampir 5 jam. respon dari adminnya lama da... ,1,negatif
415,"pengiriman lama, saya pikir belanja di official bs aman, praktis, amanah nyata nya lebih baik pelayanan penjual toko biasa. sebum checkout respon setelah itu di abaikan,... ",1,negatif
416,"dari segi barang saya gak kecewa, mulus semulus mulusnya, tapi untuk promo yang ditawarkan mengenai youtube dan spotify gratis sangat tidak jelas karna di aplikasi samsun... ",1,negatif
417,ğŸ‘ğŸ»,1,negatif
418,Maaf bintang satu saja karena pengiriman sangat lama. Barang nya Ok.,1,negatif
419,"driver komplen karena harus nunggu 2 jam lebih untuk pickup saja. dan dichat ga response. memang si sibuk karena banyak pesanan, tp tetap pelayanan dan kualitas layanan... ",1,negatif
420,"Krna official store, costumer service dan service harusny excellent. Sabtu minggu libur spt PNS",1,negatif
421,"samsung care nya g dapat, udh november knp promo nya ttp dipajang tidak diganti kek sesuai promo di bulan november dapatnya apa saja, bikin kecewa aja",1,negatif
422,barang sesuai dengan gambarnya,3,netral
423,"haduh repack gan, padahal klo beli biasanya gx repack, pas order udah di tulis juga no repack, eh dikirim barang repack",3,netral
424,"pesan warna black,, yg datang blue. tp kondisi ok",3,netral
425,"Barangnya original ğŸ‘.Â Kemasan disegel.Â , kurangnya packing ga ad plastik bubble wrap, tipis banget tau !!! syukur hp nya ga kenapa,lain kali jng pelit bosku... plastik b... ",3,netral
426,barang tidak sesuai dengan pesanana,1,negatif
427,"barang di kirim repack, tidak di kasih ket. sesui barangnya",1,negatif
428,barang ripek,1,negatif
429,kecewa tidak sesuai diskripsi,1,negatif
430,penjual tdk konfirmasi kalo repack,1,negatif
431,REPACK!!!!,1,negatif
432,Repackkkk....,1,negatif
433,Parah REPACK semuaaaaa!!!!!!,1,negatif
434,Repackkkkk coy,1,negatif
435,Beli 8 unit Repack semua,1,negatif
436,tidak ada konfirmasi kalo SDH repack,1,negatif
437,ketipu lihat ulasan.ternyata barangnya REPACK semua,1,negatif
438,REPACKKKKKK!!!!!!!!,1,negatif
439,barang repack tanpa deskripsi.sial kena tipu official,1,negatif
440,"admin nya blagu pake banget. ditanya kirim jam brp karna Sudah lewat Dari janji jam kirim, Malahan suruh ajukan cancel. Baru Kali ini belanja online ketemu yang super som... ",1,negatif
441,,1,negatif
442,"barang bagus, sudah beli 3x, cyman yang kali ini sampainya lama banget sampai 6 hariğŸ˜”",3,netral
443,repack,3,netral
444,"Sering error, isi batrei lama, aplikasi wa tak kliatan nama kalo ada telp masuk",3,netral
445,"Barangnya original ğŸ‘ untuk pelayanan tokonya jempolan mantap,hp nya ok,cmn layarnya mengecewakan menurut saya pribadi gambar yg dihasilkan cenderung terlalu merah,foto b... ",3,netral
446,lama pengemasan,3,netral
447,saya pesennya warna apa datangnya apa,2,negatif
448,packing tipis sekali buble nya . penyok nih barang jadinya. tambah dus kek atau lebih tebal . packing hp kaya packing maenan bocah,2,negatif
449,"pesannya hitam, kirimnya putih",1,negatif
450,Barang Ga pernah nyampe,1,negatif
451,Untuk pelayanan oke hanya saja karena kelalaian penjual saya dapat produk mode demo yg membuat saya rugi ongkir waktu membeli dan ongkir ketika mengirim barang yg tidak d... ,1,negatif
452,,1,negatif
453,"sering putus sebelah kiri , pelayanan semau nya penjual",1,negatif
454,"pertama pas mau beli direspon, giliran udah bayar dan mau tanya"" yg lain dikacangin terus. sampe 3 pertanyaan di hari yg berbeda. padahal sedang online terus pas nany... ",1,negatif
455,"pengiriman tidak sesuai dengan antian, yang order tgl 4-5 sebagian d krm duluan sedangkan Sy yg order tgl 2 malah telat d krm.",1,negatif
456,"baru beli tapi garansi habis, tanya ke Cs lempar2an kesana kesni tnpa solusi mending tiadakan cs aja",1,negatif
457,Padahal udah ikut PO dari tgl 1. malah barang ilang saat pengiriman. dan tidak ada kebijakan pengiriman barang dari pihak tokopedia maupun xiaomi.,1,negatif
458,barang datang tidak mulus ada baret halusnya,1,negatif
459,"buruk sekali PO Kali ini. pengiriman lama, udah gt tidak urut.saya pesan tgl 1 tp yg pesen setelah saya malah bisa dpt duluan . dikomplain jg tidak solutif Dan selalu kir... ",1,negatif
460,keburu menyelesaikan masalah. ternyata ada masalah di kamera. dateng ke service center xiaomi roxy malah ga bisa tukar unit hanya pergantian sparepart. sayang banget unit... ,1,negatif
461,proses PO tidak berjalan sesuai first come first serve tp lbh ke random atau last come first serve. beli tgl 1 dptnya 3 hari lbh telat dr yg beli tgl 5 lawak banget,1,negatif
462,"Sangat sangat sangat sangat jengkel dengan xiaomi kali ini, dari dulu pakai xiaomi baru sekali ini ikut PO ampunnya setengah mati si raja jamping saman brembo @saman brem... ",1,negatif
463,pelayanan jelek pengiriman lelet intiny susah u promosiin ini toko ke org laen ğŸ‘ğŸ‘ğŸ‘ğŸ‘ğŸ‘ğŸ‘ğŸ‘ğŸ‘ğŸ‘ğŸ‘ğŸ‘ğŸ˜¤ğŸ¤¬ğŸ¥µğŸ˜¤ğŸ¥µğŸ¥µğŸ‘ğŸ‘ğŸ‘ğŸ‘ğŸ‘ğŸ‘ğŸ˜°,1,negatif
464,"Battery boros padahal pemakaian sehari2 sekedar buka sosmed karena emg blm berani buat ngegame, ngecahrge jg lama, gimmick doang fast charging 120w nya",1,negatif
465,"Produk baik-baik aja, yang masalah ada di respon admin dan pengiriman ekspedisi yang luar biasa ***** nya. PO tanggal satu pisan tapi dikirim duluan orang yang PO tanggal... ",1,negatif
466,"gw udah semangat dengan ini barang tapi pengirimannya Lamaaaaa banget, gak ngenrti cara kerja kalian yang antar barang kita yang pesan lebih awal malah org yang telat pes... ",1,negatif
467,"PO tidak merata dan tidak sesuai urutan (saya order tgl 3, terima tanggal 10. Yang lain banyak order belakangan, tapi nyampe duluan. Tolong jadi evaluasi buat Xiaomi dan... ",1,negatif
468,biaya ongkir di invoice 56rb tapi pihak Xiaomi pakai sicepat best dengan nilai jasa kirim dari Jakarta ke Medan 40rb barang sampai 2 hari ke gudang dan itu pun aku jem... ,1,negatif
469,,1,negatif
470,,1,negatif
471,,1,negatif
472,,1,negatif
473,,1,negatif
474,,1,negatif
475,"Apanya yg PELAYANAN CS HANDAL, di chat aja gak dibalas, pesanan tidak diproses, ngakak. Overload bukannya tambah staff malah dipaksa.",2,negatif
476,"HP nya mantab.. cm pelayanan lemot, beli sabtu be dikirim senin. untung ekspedisinya pake siCepat, 3 hari sampai. klo pake JNE tahun depan br sampai",2,negatif
477,"P.O tanggal 7, diserahkan ke kurir tanggal 13",2,negatif
478,"barang sih oke, dapet miband7 juga. sayangnya pengiriman lama. 7 hari setelah order",2,negatif
479,"Pesan tgl 1 des baru sampe hari ini tgl 15 des gara2 kurir Paxel nya salah kirim alamat, tidak ada telpon konfirmasi dan proses nya lama bangettt ... jelek banget pelayan... ",2,negatif
480,setelah nyalakan hape connect wifi.. lalu masukan account google... sudah 24 jam lamanya hp melakukan sync ke account google.. namun tetap hanya loading terus... kusta fe... ,2,negatif
481,"pengiriman PO tidak menurut antrian, tidak adil dan sangat kecewa. PO tgl 1 dikirim tgl 9 dan terima tgl 11. sedangkan yg PO tgl 5 sudah terima tgl 8.. kapok untuk PO lag... ",2,negatif
482,lama plus dusnya penyok,2,negatif
483,"pelayanan kurang maksimal, respon lambat yg bales bot teros,, pengiriman diusahakan jangan memakai nextday karena sama aja seperti reguler di saat menjelang hari raya bes... ",3,netral
484,produk alhamdulillah diterima dengan keadaan baik. meskipun pengiriman ditunda 1 hari namun tidak masalah. hanya saja yang perlu diimprove adalah bagaimana admin melayani... ,3,netral
485,"barang bagus sesuai pesanan, tp saya kecewa pengiriman gak sesuai dari deadline pengantarannya, malah lambat 3 hari, sampai saya harus pakai jasa tambahan buat jemput bar... ",3,netral
486,"pengiriman cepat, untuk packingan barang kurang safety, kualitas barang biasa saja, body hpnya licin(berbahan plastik) videonya dikirim ke official XIOAMI karena untuk m... ",3,netral
487,barang segel. sayang dapat barang defect pertama. retur ke bhinneka setelah cek barang dl ke SC xiaomi. respon admin kurang cepat karna masih jawaban Bot. dri tgl PO 10 a... ,3,netral
488,"Videonya masih belum mulus, glittering, seperti focus berubah, features yg lain ok. ****************************",3,netral
489,pengiriman agak lambat tp ya sudah lah yang penting barang sesuai dan tidak cacat,3,netral
490,barang bagus pelayan minus,3,netral
491,"Yaa, overall produknya bagus, tetapi ada satu masalah saya dapat produk yang ada bermasalah dengan baterai nya (daya tahannya tidak sesuai dengan kapasitas aslinya) agak... ",3,netral
492,hp lumayan cepat panas dan pengiriman lama. kualitas kamera B sja.,3,netral
493,"po nya amburadul ,, yg Po tgl belakangn malah dikirim duluan sedangkan saya pengiriman lama bgt po tgl 3 , dikirim baru tgl 12. , untung kurirnya cepet 1 hari sampai .sm... ",3,netral
494,dikirim sesuai antrianğŸ‘ğŸ‘,3,netral
495,"proses pengiriman PO kacau, banyak yg pesan dr tgl 1 dikirim belakangan, sy pesen tgl 2, paket tiba tgl 9, berkat tim anteraja sameday yg bela2in anterin paket sy jam 9.3... ",3,netral
