,Unnamed: 0,nama,komentar,rating,kelas,Unnamed: 0.1
0,0.0,Dimas,terima kasih gan barang sudah mendarat dengan selamat ğŸ‘ğŸ»ğŸ‘ğŸ» ada beberapa dent yang seperti nya bekas jatuh dan juga ada keyboard yang coak seperti kena rokok.,4,Baik,
1,1.0,Segar,"baterainya boros, dan touchpad sering geser sendiri ketika disentuh",4,Baik,
2,2.0,topas,"Puas, barusan barang tiba dan sedang disedang digunakan. Tapi perlu cek beberapa hari ini semoga tetap lancar..",4,Baik,
3,3.0,Bahtiar,"Meskipun mundur sehari dari jadwal semula namun tidak apa-apa, aplikasi dan driver masih versi lama, sedang diupgrade sendiri, bintang 4 cukup ya ğŸ™ğŸ¾ğŸ‘",4,Baik,
4,4.0,Bobby,"packing memuaskan rapih dan aman, untuk semuanya tidak ada komplain saya suka mantap min ğŸ‘ğŸ¼",4,Baik,
5,5.0,Jambu,Kaca kamera ga ada Selebihnya insyaallah aman,4,Baik,
6,6.0,S***h,kondisi fisik baik,4,Baik,
7,7.0,A***s,"Barang yg dikirim kurang sip,bagian lcd kebuka dan tidak bisa nutup rapet,,stiker thinkpad bagian dalam tidak ada,,penjual responya bagus,,",4,Baik,
8,8.0,Yuda,"okey, batrainya bertahan 2jam",4,Baik,
9,9.0,I***n,"Puas, seller sangat membantu .",4,Baik,
10,10.0,Rudisanusi,batre nya cuman kuat 1jam yg lain nya sih lancar,4,Baik,
11,11.0,S***n,"barang sesuai, semoga awet.",4,Baik,
12,12.0,Aldino,barang sudah diterima dengan baik hanya kondisi fisiknya saja yang kurang. terimakasih,4,Baik,
13,13.0,Ridwan,"kerennn banget laptopnya, penjualnya juga bagus ramah, santun, & sabar melayani. Setelah laptop datang, Auto langsung saya pakai buat Programing & coding ğŸ¤© Nam... ",4,Baik,
14,14.0,Hai,"datengnya ke Semarang cepet sih 2 hari doang, barangnya mulus, ternyata udah backlit keyboard, bisa scroll 2 jari, layarnya bukan pake TN paketnya IPS keren sih jadi mau... ",4,Baik,
15,15.0,v***a,keyboard nya banyak yang ketukarğŸ˜­ harus ditempel bagian keyboardnya,4,Baik,
16,16.0,AFIF,"Barang bagus, masih mulus walaupun bekas. booting cepet pake SSD storage",4,Baik,
17,17.0,Tommy,Barangnya dalam kondisi baik,4,Baik,
18,18.0,Dinta,"Jangan memiliki ekspektasi tinggi, biasa saja ekspektasinya, namanya juga laptop second (mungkin) eks luar negeri... khawatir kecewa...",4,Baik,
19,19.0,T***h,performanya mantap.,4,Baik,
20,20.0,E***n,barang mulus 95% semua sesuai deskripsi. seller responsif. recommended.,4,Baik,
21,21.0,Adie,"Barangnya bagus, respon penjual cepat. Semoga barangnya awet. Terimakasih.",4,Baik,
22,22.0,Luthfi,"Pengiriman cepat, packing mantap, dapet bonus mouse lagi.. Cuma sayangnya bukan tas selempang hehe. Semoga aman2 aja kedepannya dan awet. Edit: ternyata mikrofon gk ja... ",4,Baik,
23,23.0,Y***a,,4,Baik,
24,24.0,M***o,"dapat unit yg mulus secara fisik, tp sayang cuma baterainya yg g bisa bertahan lebih dari 1 jam, berasa kurang nyaman aja sih. sepertinya karena ini unit terakhir yg ada,... ",3,Biasa,
25,25.0,R***a,"keyboard nya udah di ganti, engga ori lagi",3,Biasa,
26,26.0,mursalinalink,ada sticker yg menutupi bagian cover atasnya mungkin karna ada goresan di sana. huruf di keyboard beberapa tidak kelihatan. tapi after all worth it lah di harga segitu.,3,Biasa,
27,27.0,C***a,"Cukup bagus, body mulus seperti baru. Hanya saja ada beberapa minus menurut saya, saat laptop sleep trus pas nyala lagi wifi ga bisa auto konek, musti di trouble solving... ",3,Biasa,
28,28.0,A***n,"Baru beli langsung error, katanya harddisk rusak zzz",1,Sangat-buruk,
29,29.0,soebari,barang tidak sesuai charger tidak sama dan charger tidak bisa di gunakan.saya akan ganti ulasan ini jika ada pertanggung jawaban,1,Sangat-buruk,
30,30.0,A***s,"Di Deskripsi produk, cacat pemakaian ya, jadi mksudnya cacat pemakaian itu seperti ini loh. saya sempat retur barang pertama karena retak (retak menurut saya ga termasuk... ",1,Sangat-buruk,
31,31.0,Jian,"Overall bagus, tombol 4 nya agak keras",4,Baik,
32,32.0,Rizanfiero,Masih belum terbiasa tanpa ms word,4,Baik,
33,33.0,m***i,Seller responsif hanya saja kurir yg mengecewakan,4,Baik,
34,34.0,Ekanur,"barangnya gak ada masalah cuma yg jadi masalah itu adminnya, saya minta batalin aja karena kelamaan ngirimnya tapi pengajuan pembatalan malah di tolak dan tetap di kirim... ",4,Baik,
35,35.0,G***U,mungkin buble dan packing bs ditingkatkan karena cm lapis buble 2 lapis saja gampang penyok,4,Baik,
36,36.0,A***p,pengiriman tidak sesuai yang dijanjikan. kualitas barang oke. Harga relarif murah. barang tersegel dengan aman.,4,Baik,
37,37.0,Fachri,"barang sesuai, harga bersaing, tapi sayang nggak dapet screen protector",4,Baik,
38,38.0,Eza,bagus,4,Baik,
39,39.0,v***a,"Persis seperti hp android tapi versi laptop. Cocok untuk kebutuhan belajar-mengajar secara online. Aplikasi Zoom agak berbeda dengan versi cloud, tidak ada anotasi atau... ",4,Baik,
40,40.0,m***h,Å•ada lama kirim nya,4,Baik,
41,41.0,Ivan,komplit tanpa ada lecet cuma mash bingung cara pakai nya,4,Baik,
42,42.0,Tiyas,"Produk sesuai, Chromebook kereenn.. cm proses dr penjual agak lama aja.",4,Baik,
43,43.0,A***e,"sebelumnya saya cuma mau ngomong bahwa tidak ada masalah dengan toko ini. penjual responsif, barang jg oke sesuai deskripsi. hanya saja, kurir yg saya pakai yaitu a*n*r*j... ",4,Baik,
44,44.0,Indra,Perbaikin untuk konsekuensi perihal pengiriman ya kak. Lain2 oke lahh,4,Baik,
45,45.0,A***a,,4,Baik,
46,46.0,Ekobolang,bingung makainya,3,Biasa,
47,47.0,Lailatul,ga dapet free mouse :(,3,Biasa,
48,48.0,E***F,"admin yg bales chat kurang jujur, kurir blm pickup bilangnya udah. giliran ditanyain jam brp dipickup, gabisa kasi jawaban pasti. utk kondisi laptop untungnya ga knp2. ga... ",3,Biasa,
49,49.0,Rizki,"dikerjain waktu pengiriman gosend, awalnya bilang dikirim sebelum jam 12, tapi ga dikirim juga, saya minta buat kirim besok sekalian karena harus pergi lalu diiyakan, say... ",3,Biasa,
50,50.0,C***i,"barang pas sampe bergarisÂ² kayanya ketumpuk paketnya krg bagus packingnya biasanya kl dr marketplace lain stlh dbuble wrap tebel masukin lg ke dus packing , alhasil dkomp... ",3,Biasa,
51,51.0,muhammad,kurang informatif,3,Biasa,
52,52.0,A***o,"secara fungsi kurang bagus, ternyata bukan fungsi laptop, hanya netbook, akibat minimnya informasi awal",3,Biasa,
53,53.0,Dionsius,sy kira os ny windows rupanya os android,3,Biasa,
54,54.0,Saeful,"semuanya oke kecuali mouse ngga sesuai deskripsi, ngga ada respon juga pas mau tuker",3,Biasa,
55,55.0,K***n,Disarankan penjual order pakai packing kayu dan udah sy order TAPI datang malah cuma dikasih buble wrap hitam tipisğŸ‘,2,Buruk,
56,56.0,Yayuk,"Hanya bisa buat zoom, Microsoft office word dan Excel tidak ada, mau download ada yang bisa dan ada yang tidak bisa.",2,Buruk,
57,57.0,A***n,pelayan sangat buruk ğŸ‘,1,Sangat-buruk,
58,58.0,siska,"Kirain laptop, ini android seperti laptop Jadi untuk basic Excel dan Word susah gak bisa, Keterangan nya kurang informatif",1,Sangat-buruk,
59,59.0,d***y,rusak di dalam 24jam,1,Sangat-buruk,
60,60.0,wiryono,"Pelayanan admin nya tidak ramah, saya diminta bayaran tambahan 60k untuk packing kayu karna kalo gak ditambah 60k barang ga bisa dikirim. ternyata pas sampai barangnya ti... ",1,Sangat-buruk,
61,61.0,Georg,,1,Sangat-buruk,
62,62.0,Liza,,1,Sangat-buruk,
63,63.0,Fanky,ada bunyi2 di harddisknya..,3,Biasa,
64,64.0,Early,"Kacoooo, udh kena ongkir di toped, pas dikirim malah diminta ongkir lagi sm kurir toko 100rb!!!",3,Biasa,
65,65.0,Nia,Pengiriman sangat sangat Lama. percuma pakai kurir SAMEDAY. masukan aja jangan beli ditoko ini. mendingan yg lain,1,Sangat-buruk,
66,66.0,C***a,"Sudah Request 3x untuk Faktur Pajak tapi di Ignore oleh seller. Sebelum beli sudah di chat dluan apakah bisa atau tidak, dan di confirm bisa. Tolong Itikad baik nya.",1,Sangat-buruk,
67,67.0,Jay,"Bundling mousenya gak sesuai merk yg tertulis, selebihnya mantab",4,Baik,
68,68.0,Asep,Barang OK tapi packing KURANG ok,4,Baik,
69,69.0,robby,"Agak nyesal sih, karena waktu barang sudah sampai harga turun 200rb",4,Baik,
70,70.0,S***l,baru sadar ternyata laptopnya lebar banget btw semuanya bagus dan gak ngeh juga ternyata gak disediain tas,4,Baik,
71,71.0,Gunawan,"sedikit masukan,karena masuk musim hujan kalo bisa di lapisi pastik biar tidak basa kardusnya basah ,untungnya laptopnya kondisi baik,",4,Baik,
72,72.0,yoga,Kualitas barang sesuai dengan pesanan namun estimasi pengirimannya tidak sesuai,4,Baik,
73,73.0,ihza,"produk ok pengiriman aman, tapi di bagian yg di bilang layar sentuh sedikit misleading",4,Baik,
74,74.0,J***k,Harga murah dan rekomendasi buat laptop low budget spek tinggi,4,Baik,
75,75.0,I***k,"Mantap, cepet dan sangat menolong pelayanannya, sukses selalu gan ğŸ™ğŸ‘ğŸ‘",4,Baik,
76,76.0,Donny,"Dapet barang cacat produksi dibagian layar, sering flicker / kedap-kedip. Komplain seminggu setelah barang diterima (22 Februari 2023) karna baru ketauan. Ditanya baik-b... ",3,Biasa,
77,77.0,Wilson,Beberapa barang bermasalah. Keyboard ada yg mati setelah dipakai 2 bulanan. Ada yg trackpadnya tdk sensitif dan bisa lompat2.,2,Buruk,
78,78.0,Arif,"Touchpad laptop kalo disentuh terjadi shaking. bisa diatasi sih pake mouse external, cuma ya produk sedikit cacat.",2,Buruk,
79,79.0,V***a,staff atau karyawan ditoko gudang operasionalnya ITC ROXY MAS kurang komunikatif dan belum bisa .mentreatment customer dengan sopan dan ramah. pengiriman barang dari guda... ,2,Buruk,
80,80.0,Edy,Kualitas barang bermasalah,1,Sangat-buruk,
81,81.0,IQBAL,janjinya mouse Logitech tapi yg dikirim HP. males belanja disini lagi.,1,Sangat-buruk,
82,82.0,anggi,"Kualitas barang bermasalah, Pelayanan penjual kurang, Kemasan tidak aman",1,Sangat-buruk,
83,83.0,S***o,beli barang mahal jangan pakai kurir. eh malah di hilangkan .. gagal deh,1,Sangat-buruk,
84,84.0,Ahmad,"Packing bagus, aman sampai tujuan, sempat ada kendala di pengiriman barang dimana sudah berhari-hari orderan barang tidak dikirim oleh pihak ekspedisi. ketika nanya ke Seller bilangnya harap sabar, masalahnya laptop harga 9jtan terakhir dipickup sama kurir trs barang gak ada proses pengiriman berhari-hari. sempat was-was takut ilang mana orderan orang lain. tapi Alhamdulillah selamat sampai tujuan. SARAN saya untuk SELLER kalau memang ada kendala dipengiriman bantu Buyer untuk menyelesaikan masalah jangan lepas tanggung jawab, bantu selagi masih bisa.",4,Baik,
85,85.0,M***r,tombol shift tidak berfungsi. terpaksa bawa ke service center,1,Sangat-buruk,
86,86.0,I***l,charger laptop tidak berfungsi. Tidak bisa mengisi daya.,1,Sangat-buruk,
87,87.0,Riswanda,pengiriman melewati waktu seharusnya sampai tapi barang aman,4,Baik,
88,88.0,GMS,Barang sudh sampe,4,Baik,
89,89.0,F***a,"Sangat puas, sesuai dengan spesifikasi, bonusnya lengkap, mantap. Laptop langsung dipakai ngedit ğŸ‘ğŸ¼. Cuman mesti dicatat bahwa laptop ini berbahan metal, jadi kalau lis... ",4,Baik,
90,90.0,Rudy,"Barang Overal tidak ada masalah dan Ori, cuma pengiriman agak lama karena ekspedisi yang dipakai.. Untuk kualitas sih sedikit kecewa karena keliatan tidak di QC oleh piha... ",4,Baik,
91,91.0,S***n,"Paket sampai dengan aman, sampai saat ini belum ada kendala, sayang ga dapat SSD Samsung",4,Baik,
92,92.0,rizki,"overall, cukup puas. cuma sayang packaging nya cuma pakai bubble wrap. sampai saat diterima sih aman. moga2 ga ada masalah di internalnya ke depan. Bonus tas laptop saja.",4,Baik,
93,93.0,A***i,"unit sesuai dgn yg ada di foto, original, delivery by gojeg cepat, tks",4,Baik,
94,94.0,Mohamad,barang bagus. fastrapon. pngiriman cepet. cuma kurang bonusnya aja yg gda. ktnya kosong dari acernya,4,Baik,
95,95.0,Jersy,"oke, barang segel dan sesuai.",4,Baik,
96,96.0,Muhammad,"Seller responsif, pengiriman cepat, laptop sementara berfungsi normal, cuma sayang g dapet ssd samsung...",4,Baik,
97,97.0,Ryal,"respon seller cepat, tapi ketika minta free bublewarp tidak ti tanggapi, sayangnya dapet ssd merk micron, kecepatan standar, ga seperti ssd merk samsung yang lebih cepat.",4,Baik,
98,98.0,K***a,"tidak dapat yg terbaik ssd-nya tapi gapapa bukan rezeki namanya adminnya ada yg ramah banget, ada yg lumayan jutekğŸ™ğŸ» Pengirimannya agak mepet yağŸ™ğŸ» At last terimakas... ",4,Baik,
99,99.0,Jordhy,"Barangnya sesuai iklan dan tiba sesuai estimasi, cuma sayangnya sering ngefreeze dan shutdown tiba-tiba",4,Baik,
100,100.0,Atikah,untuk produk: 1. trackpad miring sebelah meskipun tetap berfungsi dgn baik kata tokonya sih emang modelnya 2. SSD kenceng pol tapi kek gacha kalo hoki dapet yang samsung... ,4,Baik,
101,101.0,A***d,"sengaja mesen buble warp 3 lembar, paket malah dibungkus pake trash bag, ga ada buble warp sama sekalipun ğŸ¤£ edited: overall semuanya bagus ga kecewa cuma kendala di bubl... ",4,Baik,
102,102.0,Teguh,"Produk oke, respon seller jg cepat.. cm sayang request nota toko tdk bisa, why ???",3,Biasa,
103,103.0,S***a,"Agak disesalkan, mengincar laptop ini karena kelebihannya di SSD, kecepatan ssd tidak seperti PCIe gen 4. Padahal konsumen yg lain dapat merk samsung. Tapi malah dapet y... ",3,Biasa,
104,104.0,Bondan,"saya kasih bintang 3, packaging kurang safety tidak ada stiker fragile atau pecah belah dan hnya buble wrap tipis. tertolong laptop nya kondisi nyala. semoga tidak ada... ",3,Biasa,
105,105.0,M***y,Toko respon dan sangat gercep. Cuma saat saya tanya ada slot kosong utk ssd katanya ada tipenya M2 NVME. Pas mau dipasang di acer center ternyata TDK ADA SLOT KOSONG... b... ,1,Sangat-buruk,
106,106.0,J***r,"Respon sellernya sih cepet, tapi barangnya mengecewakan. Trackpad tinggi sebelah.. menyisakan rongga antara body dengan trackpad",1,Sangat-buruk,
107,107.0,Rio,"barang sdh diterima dengan baik, tpi laptop yg dikirim bermasalah kita sebagai konsumen sangat dirugikan, penjual tidak mengecek sebelum dikirim, pas sampai ditangan kon... ",1,Sangat-buruk,
108,108.0,Dimas,terima kasih gan barang sudah mendarat dengan selamat ğŸ‘ğŸ»ğŸ‘ğŸ» ada beberapa dent yang seperti nya bekas jatuh dan juga ada keyboard yang coak seperti kena rokok.,4,Baik,
109,109.0,Segar,"baterainya boros, dan touchpad sering geser sendiri ketika disentuh",4,Baik,
110,110.0,topas,"Puas, barusan barang tiba dan sedang disedang digunakan. Tapi perlu cek beberapa hari ini semoga tetap lancar..",4,Baik,
111,111.0,Bahtiar,"Meskipun mundur sehari dari jadwal semula namun tidak apa-apa, aplikasi dan driver masih versi lama, sedang diupgrade sendiri, bintang 4 cukup ya ğŸ™ğŸ¾ğŸ‘",4,Baik,
112,112.0,Bobby,"packing memuaskan rapih dan aman, untuk semuanya tidak ada komplain saya suka mantap min ğŸ‘ğŸ¼",4,Baik,
113,113.0,Jambu,Kaca kamera ga ada Selebihnya insyaallah aman,4,Baik,
114,114.0,S***h,kondisi fisik baik,4,Baik,
115,115.0,A***s,"Barang yg dikirim kurang sip,bagian lcd kebuka dan tidak bisa nutup rapet,,stiker thinkpad bagian dalam tidak ada,,penjual responya bagus,,",4,Baik,
116,116.0,Yuda,"okey, batrainya bertahan 2jam",4,Baik,
117,117.0,I***n,"Puas, seller sangat membantu .",4,Baik,
118,118.0,Rudisanusi,batre nya cuman kuat 1jam yg lain nya sih lancar,4,Baik,
119,119.0,S***n,"barang sesuai, semoga awet.",4,Baik,
120,120.0,Aldino,barang sudah diterima dengan baik hanya kondisi fisiknya saja yang kurang. terimakasih,4,Baik,
121,121.0,Ridwan,"kerennn banget laptopnya, penjualnya juga bagus ramah, santun, & sabar melayani. Setelah laptop datang, Auto langsung saya pakai buat Programing & coding ğŸ¤© Nam... ",4,Baik,
122,122.0,Hai,"datengnya ke Semarang cepet sih 2 hari doang, barangnya mulus, ternyata udah backlit keyboard, bisa scroll 2 jari, layarnya bukan pake TN paketnya IPS keren sih jadi mau... ",4,Baik,
123,123.0,v***a,keyboard nya banyak yang ketukarğŸ˜­ harus ditempel bagian keyboardnya,4,Baik,
124,124.0,AFIF,"Barang bagus, masih mulus walaupun bekas. booting cepet pake SSD storage",4,Baik,
125,125.0,Tommy,Barangnya dalam kondisi baik,4,Baik,
126,126.0,Dinta,"Jangan memiliki ekspektasi tinggi, biasa saja ekspektasinya, namanya juga laptop second (mungkin) eks luar negeri... khawatir kecewa...",4,Baik,
127,127.0,T***h,performanya mantap.,4,Baik,
128,128.0,E***n,barang mulus 95% semua sesuai deskripsi. seller responsif. recommended.,4,Baik,
129,129.0,Adie,"Barangnya bagus, respon penjual cepat. Semoga barangnya awet. Terimakasih.",4,Baik,
130,130.0,Luthfi,"Pengiriman cepat, packing mantap, dapet bonus mouse lagi.. Cuma sayangnya bukan tas selempang hehe. Semoga aman2 aja kedepannya dan awet. Edit: ternyata mikrofon gk ja... ",4,Baik,
131,131.0,Y***a,,4,Baik,
132,132.0,A***n,"Packing aman, bagus. Pengiriman hampir 2 minggu, biasanya dengan JNE truk maksimal 1 minggu (sudah lebih dari estimasi di toped sendiri. Pilihan warna tidak disediakan, p... ",3,Biasa,
133,133.0,Dicky,"ada lecet bagian bawah melingkar, semoga laptopnya aman",3,Biasa,
134,134.0,M***d,"Barangnya bagus kualitas hardwarenya juga, tapi yang jadi masalah adalah OSnya windows 11, seandainya OS bawaannya adalah windows 10 ini bisa lebih baik lagi soalnya seri... ",3,Biasa,
135,135.0,K***n,"Pengiriman cepat dan paket aman. Tetapi pas buka, segel kotak telah terbuka. Takut juga kalau ada apaâ€.. Selebihnya bagus dan MS Office aktif. Semoga awet dan admin dapat... ",3,Biasa,
136,136.0,G***n,"segel sudah terbuka, ada satu huruf keyboard yang bunyi2 ketika ditekan. sudah terlanjur aktivasi office, terima kasih",3,Biasa,
137,137.0,Siti,Order biru nyampe silver. Yoweslah.,3,Biasa,
138,138.0,amirul,"admin tdk ramah, bintang 1,",1,Sangat-buruk,
139,139.0,a***g,"Pesanan gagal dikirimkan, sudah komplain, selesai pusat resolusi tapi sampai saat ini belum ada refund, dr tgl pembelian sudah terhitung 15 hari.. parah sih pelayanan Tok... ",1,Sangat-buruk,
140,140.0,I,"Awalnya sempet ragu karena ada beberapa review yang bilang chargernya rusak. Tapi tetep coba beli dan pas sampe bener aja chargernya gabisa dipake, pas konsultasi malah l... ",1,Sangat-buruk,
141,141.0,Iman,casan rusak ga bisa dituker. harus nuker sendiri,1,Sangat-buruk,
142,142.0,kirana,pelayanan sangat buruk laptop datang dlam keadaan layar bengkok/ tidak rapat ketika ditutup ngajuin komplain malah ngebantah dan tidak bertanggung jawab padahal jelas&#34... ,1,Sangat-buruk,
143,143.0,Muhammad,,1,Sangat-buruk,
144,144.0,M***d,,1,Sangat-buruk,
145,145.0,M***d,,1,Sangat-buruk,
146,146.0,fania,lagi melakukan kegiatan download2 tiba tiba layarnya mati sendiri trus nyala sendiri. kenapa kah itu? msndadak banget bkin kaget. pdhl kondisi aman ga ku apa apain. tpi makasih saya ckup puas.,4,Baik,
147,147.0,P***a,maaf min masalah nya dari Mimin udah aman tapi dari jasa pengiriman kayak orang Dadan lama banget kalo bisa ilangin aja min jasa same day yang antaraja:),4,Baik,
148,148.0,sapto,K = Lumayan P = Bagus T = Keren S = Sesuai G = Ada Sayang Cepat Panas Touchpadnya Berisik Bonusnya Tas ğŸ˜€ğŸ˜€ğŸ˜„ğŸ˜„ Smoga Awet Buat Tempur Kerja,4,,
149,149.0,Fadllyh,"Layar full HD.Â Kenceng buat gaming ğŸ‘.Â Desainnya keren.Â tapi sayangnya laptop cepet panas, baru di pakai 30 menitan udah panas banget",4,,
150,150.0,eddy,"sesuai harapan dan pengiriman tepat waktu, kekurangan packingan nya hanya buble 1 layer tanpa pakai pelindung lain nya",4,,
151,151.0,Joko,Packingan nya tidak safety banget.. hanya 1 lapisan dibagian luar saja. Untung saja laptop nya aman2 saja,4,,
152,152.0,Mihma,Desainnya keren.Â Layar full HD.Â Gampang dibawa-bawa.,4,,
153,153.0,Rega,"saya kecewa dengan packing nya, yg tidak sesuai SOP dari kurir yg cuma pake satu lapis buble warp. untuk laptop Alhamdulillah sesuai dengan spek yg ditawarkan",4,,
154,154.0,Shidiq,cepat panas Wei gila nih laptop selain bisa dipakai buat ngetik juga bisa dipakai buat setrikaan,3,,
155,155.0,y***a,"adminnya cuek, overall bagus sih",3,,
156,156.0,arin,"mengecewakan sebenernya, free upgrade nya tolong di hapus klo sudah habis promonya, kaya ketipu jadinya, sekelas official store lo ini",2,,
157,157.0,B***s,"Toko yang menyulitkan pelanggan! pembayaran via CC dikenakan charge 3% yang sangat tidak masuk akal. Apabila beli di toko namun settlement di tokped, dipaksa memilih pe... ",1,,
158,158.0,W***i,"berat setelah ditimbang hanya 3,9 kg, dengan packing kardus. tapi di deskripsi dituliskan 12 kg. pengiriman ke riau. alhasil, kena biaya kirim 400rb an.",1,,
159,159.0,B***o,"admin kurang soal pengetahuan laptop, admin kurang responsif, barang baru sampai keyboard tidak berfungsi bahkan on screen keyboard gabisa, tolong berhati2 membeli barang",1,,
160,160.0,Y***B,"Pelayanan Tokonya baik tapi Laptop cepat Panas, saat Idle temperature bisa 73 C (nggak di pakai apa2, cuman browsing). pas di pegang di atas keyboardnya panas banget. Moh... ",1,,
161,161.0,Andy,"sesuai deskripsi, sayangnya di foto ada gratis mouse sama tas nya yg datang hanya tas nya",4,Baik,
162,162.0,N***l,"barang bagus, harga termasuk ok. sayang pengirimannya lama",4,Baik,
163,163.0,Ike,"Barang ok, seller secara umum responsif, kekurangan produk yg dikomitkan Alhamdulillah dikirim, semoga bisa lebih teliti lagi dg komitmen dan pengiriman produk, tks seller",4,Baik,
164,164.0,E***a,Barangnya overall bagus cuma gak bisa konek pakai earphone. Udah tanya ke seller cuma jawabannya kurang memuaskan,3,Biasa,
165,165.0,f***y,pemakaian belum 1 bulan tapi layar redup sendiri,1,Sangat-buruk,
166,0.0,M***d,"Fast respon dan barang bnib, sy sdh beberapakali belanja di toko ini dan tidak pernah mengecewakan",5,Sangat-baik,
167,1.0,Yovinus,"Mantap Jiwa deh pokoknya, aktif ngebalas, dan sellernya ramah",5,Sangat-baik,
168,2.0,A***i,best cepet banget pesen jam 1 sore jam 5 sampe,5,Sangat-baik,
169,3.0,E***h,barangnya okee pengiriman jg cepat krn pake instant. sayangnya segel box laptop udah kekupas sedikit dan box penyok (bukan kesalahan kurir) garansi di website apple sisa... ,5,Sangat-baik,
170,4.0,Anessa,"mantulll... pengiriman cepat, ke papua kurang dari 1 minggu. barang aman meski cuma pake bubble wrap. barang ori. chat seller responsif. recomended seller ğŸ‘",5,Sangat-baik,
171,5.0,M***z,"seller fast respond, macbook nya garansi blm jalan packingnya jg aman karna pake packing kayu",5,Sangat-baik,
172,6.0,R***d,Brg sesuai pesanan ğŸ‘ğŸ¼,5,Sangat-baik,
173,7.0,H***z,Barang baru sesuai dengan informasi,5,Sangat-baik,
174,8.0,Young,Bagus banget udah 2 buln di pakai gada kendala,5,Sangat-baik,
175,9.0,H***i,"seller sangat responsif saat ada pertanyaan merupakan nilai plus. Barang mulus, cycle count baru 6 dan masih dapat garansi sampai oktober 2023",5,Sangat-baik,
176,10.0,ALI,Black peel nya macam di tempel balik hmmmm. Produk minta yg garansi blm aktif tp dikirim yg sudah aktif. Untung produk ok,4,Baik,
177,11.0,B***n,Bagus aja,4,Baik,
178,12.0,Nurdin,"Barangnya oke, asli apple MacBook, dicek garansi sesuai tanggal beli, hanya saja pengiriman kurang komunikatif adminnya dan driver grab instannya ganti2 terus sampai beso... ",4,Baik,
179,13.0,Ayu,"Sesuai deskripsi, terimakasih bonusnya",4,Baik,
180,14.0,J***n,"barang sangat bagus, cs juga responsif nanya apa dijawab, cm sebelum membeli saya nanya bonus hardcasenya ada ga, ktnya ada tp ketika sampai cm keyboard cover aja. overal... ",4,Baik,
181,15.0,Shellshark,barang sesuai pesanan dan packing bagus,4,Baik,
182,16.0,Ahmad,"pas pesen, tulisan di etalase nya available yang warna Gold, jadi pesan yang itu. tapi setelah check out, di chat kalo ternyata stock nya ngga ada. jadi diganti ke warna... ",4,Baik,
183,17.0,A***a,"walaupun kardus nya penyok dari bawaan tokonya, lumayan lah :) barang oke aman.",4,Baik,
184,18.0,E***a,"Barang bagus. Hanya, seller tidak memasang sign fragile di paket, sehingga kurir main lempar dan main ninggalin barang di gerbang tanpa ada konfirmasi, dikiranya batu bat... ",4,Baik,
185,19.0,Cokorda,Baru kali ini beli laptop dan mahal secra online tp bener2 g diragukan toko ini Penjualnya sabaar bener sm pembeli yg awam ini,4,Baik,
186,20.0,Mrz,1. Box tetap penyok seperti ulasan pembeli yg lain pdhl udah ikutin instruksi 2. Ada tanda seru kuning di website cek serial numbernya (katanya sih gak masalah) 3. Ini si... ,3,Biasa,
187,21.0,y***o,"Bonusnya belum dikirim,",3,Biasa,
188,22.0,Bimo,,3,Biasa,
189,23.0,d***d,Komputer tidak orisinil. Komputer sudah aktif saat saya terima paketnya. Setelah dipakai seminggu sering panas dan macet. Kualitas komputernya sangat jelek!Sikap penjual... ,1,Sangat-buruk,
190,0.0,j***f,Barang Ok.. BNIB Packing bubble warp tebal.. Seller responsive.. Kirim pakai JNE lambat.. 5 hari muter2 di jakarta terus barangnya..,5,Sangat-baik,0.0
191,1.0,Tiee,Barang mulus dan baik min. Cepat hari itu juga sampai. Terbaek,5,Sangat-baik,1.0
192,2.0,k***a,trusted,5,Sangat-baik,2.0
193,3.0,Arif,wih barang nya udh sampai cepat,5,Sangat-baik,3.0
194,4.0,Shanty,"Pertama beli iphone disini, trus skg macbook air M1. Happy dan puas bgt. Barang asli ibox, packaging rapi, bubble wrap extra, pengiriman ke Bali cepet dan aman. Admin ger... ",5,Sangat-baik,4.0
195,5.0,E,"toko reckomen,, CS ramah ğŸ™ laptopnya seperti yg di harapkan.. terima kasih semoga awet..",5,Sangat-baik,5.0
196,6.0,Mohammad,"Respon oke barang baru, cuman kalo mw di install free office nya sensasi unboxing nya hilang ğŸ¤£ overall bagus rec seller",5,Sangat-baik,6.0
197,7.0,S***f,"Seller respon cepat bosku, barang ori langsung cek out bosku",5,Sangat-baik,7.0
198,8.0,E***n,"service nya sangat cepat dan memuaskan, dikasi bonus mouse lagiâ€¦ thanks ya",5,Sangat-baik,8.0
199,9.0,E***i,Mantab,5,Sangat-baik,9.0
200,40.0,D***y,"Admin fast respon kalau mau membeli, setelah membeli agak slow respon. Meminta admin untuk instal office, tetapi ada kendala untuk pswd macbook nya krn berbeda dgn yg dik... ",4,Baik,10.0
201,41.0,Gifari,"Mantapp langsung beli pakai kurir instan, semuanya mulus dan ori ofc. Admin tokpednya jawabnya gece. Tapi kurangnya cuma di warrantynya aja ko udh jalan dari september ya... ",4,Baik,11.0
202,42.0,Louis,"sempet dag dig dug soalnya 3 hari ga gerak barangnya waktu datang ternyata ga di packing kayu jd makin was2 setelah dibuka ada penyok di sudut box, haduhh..moga barang gp... ",4,Baik,12.0
203,43.0,David,"Packaging baik, respon seller saat berjualan jg baik. Sedikit kecewa dengan pengiriman, dimana diproses baru jam 5 sore, sudah diinfo dari awal kalau kantor tutup jam 5.... ",4,Baik,13.0
204,44.0,Q***a,Jujur aftersales lama tanggapannya butuh hampir seminggu utk resolve permasalahan mengenai bagaimana nanti saya cara klaim garansi lgsg ke ibox karena tidak dikirimkan in... ,4,Baik,14.0
205,45.0,f***z,"box nya penyok, tapi overall bagus",4,Baik,15.0
206,46.0,hidayanto,ga dikasih MS office,4,Baik,16.0
207,47.0,DZIKA,"produknya bagus cuma goldnya gaada, sayang sekali kawan.",4,Baik,17.0
208,48.0,Faishal,"Bubblewrapnya kurang tebal jadi agak peyok di ujung bungkusnya, kirain ada kardus coklatnya ternyata tidak tapi laptopnya aman berfungsi dengan baik.",4,Baik,18.0
209,49.0,R***t,"Barang ori dan BNIB belum dibuka. Packing bubble. Sayang g ada packing kayu. Harga juga termasuk murah. Bagi yg mo beli cash ingat pake debit, jgn kartu kredit biar g ken... ",4,Baik,19.0
210,74.0,susan,"Box rusak sampe ga bisa di buka tutup, agak kecewa karna kalo mo jual lagi pasti bakal susah kalo Non Box.. Tapi untuk barang aman",3,Biasa,20.0
211,75.0,E***s,"pengirimannya lamaaa banget, melebihi estimasi. Seller kadang tidak membalas pesan huftğŸ¥²",3,Biasa,21.0
212,76.0,D***y,"Penjualan pengiriman baik, kardus unit ada bekas benturan, salah satu kaki unit tidak menapak jadi unit bisa bergetar, CS tidak responsive",3,Biasa,22.0
213,77.0,Yoga,"fungsi normal smua. cma box sayang bgt bnyk peot pdhal produk mahal, bubble nya kurang banyak. smoga diperhatikan lagi untuk packingnya",3,Biasa,23.0
214,78.0,Arifa,"nyampe dengan selamat dan gaada cacat, tapi ga rekomendasi untuk pengiriman instan karna akan dikirim next day",3,Biasa,24.0
215,79.0,E***y,"Barang asli garansi IBOX, tp pengiriman hrs tunggu 1-2 hari baru di kirim, order dengan packing kayu, tp gak di packing kayu, mungkin biar untung ny lebih gede",3,Biasa,25.0
216,80.0,M***d,"barangnya murah dan bagus. tapi sempet ada problem pas awal, tapi udah selesai. cuma yang disayangkan saat ada problem sellernya ga respon lagi. cuma di read aja chatnya.... ",3,Biasa,26.0
217,81.0,Ariz,"Barang normal. Ga dapet screen protectornya, iklannya missleading, ganti foto utamanya. biar ga salah paham.",3,Biasa,27.0
218,82.0,M***M,Barang bagus cuma ada miss informasi dengan penjualnya,3,Biasa,28.0
219,83.0,S***i,"Pro: Barang ok dan sesuai spek serta pengemasan bagus. Cons: Komunikasi di internal yang harus kurang sehingga pengiriman tertunda dan ada kenaikan harga oleh merchant, p... ",3,Biasa,29.0
220,84.0,V***y,*dijanjikan screenguard waktu beli. Tapi waktu datang tidak include. Ditanya2 tanggung jawab setelahnya. Mulai cuek2 reply lama. Alasan stok habis. Padahal sebelum pay... ,3,Biasa,30.0
221,85.0,A***h,produk bagus original,3,Biasa,31.0
222,86.0,A***a,"Barang bagus, but u need to improve the service because its not a cheap stuff. Aku beli laptop ini gak murah, dateng2 boxnya bujat semua dan skrg laptopnya bermasalah.",2,Buruk,32.0
223,87.0,Gracella,"Kecewa banget sama pelayanan adminnya. Awalnya bilang stock adanya yang japan, tiba tiba bilang stock ada. Lalu saya minta kirim hari ini, kata seller bisa dan bilang â€˜ga... ",2,Buruk,33.0
224,88.0,i***r,"Dear owner Toko New Rizkyapple, Saya percaya kalian sdh sangat berpengalaman dalam menghadirkan produk apple, Dilihat dr harga kalian yg mmg sangat bersaing,, Dan kesigap... ",2,Buruk,34.0
225,89.0,Roby,"Kalo beli barang mahal mending di toko offline dah, nyesel bgt saya beli di sini, bukan krn sellernya(sellernya responsif & fastres btw), tp karena lg apes dapet prod... ",1,Sangat-buruk,35.0
226,90.0,K***D,"Belum 10 menit order mau ganti shipping aja ngga boleh. Katanya estimasinya sama dg ekspedisi biasa. Ini pake JNE TRUCKING, 8 hari baru sampai padahal normal 3-4 hari aja... ",1,Sangat-buruk,36.0
227,91.0,B***m,"Sudah beli bubble wrap tambahan, tetapi tidak ditambahkan oleh admin saat pengiriman. Alasan menambah volume pengiriman Akibatnya unit pesok, yang infonya kesalaham kuri... ",1,Sangat-buruk,37.0
228,92.0,F***y,"minta sameday tp pengiriman lama, shg sy ambil dg kurir sendiri sangat mengecewakan.",1,Sangat-buruk,38.0
229,93.0,Ayiq,"Barang ternyata cacat, bekas tergencet. Saya tidak tau dimana salahnya, yg pasti barang kami terima cacat",1,Sangat-buruk,39.0
230,94.0,M***d,"sebenarnya masih mau tabayun(ngomong) secara baik-baik ,tentang problem yg saya hadapi ,tapi ketika penjual tidak merespon sama sekali keluhan saya .jadi maaf saya harus... ",1,Sangat-buruk,40.0
231,95.0,Benwilsonh,"Untuk barang oke2 aja, pelayanannya HAHAHA ****",1,Sangat-buruk,41.0
232,96.0,M***r,"Barang awalnya bagus. Belum 1 bulan ada problem, tidak ada bantuan untuk claim ke apple.",1,Sangat-buruk,42.0
233,0.0,K***n,"Kualitas produk udah dijamin bagus, performa kencang, desain mewah terupdate, spesifikasinya lumayan, garansi iBox pooll. Tapi sayang, kali ini giliran Saya yg nambah ko... ",4,Baik,
234,1.0,dandyfebriansyah,barang bagus cuman dus agak penyok gara gara packing.. overall bagus ya,4,Baik,
235,2.0,V***a,"Barang sesuai, Macbook berfungsi dengan baik, paket hanya dipacking dengan bubble wrap sehingga ujung-ujung box tidak rapih, sampai tepat waktu",4,Baik,
236,3.0,F***l,Barang original tapi ternyata punyanya Malaysia. Jadi chargernya kaki 3 sementara gapunya adaptor pas unbox udah malem akhirnya gabisa langsung dipake ğŸ˜­ Sisanya oke sih... ,4,Baik,
237,4.0,Rudi,"semua sesuai hanya box nya penyok, mungkin jatuh pada saat perjalanan.. thanks.",4,Baik,
238,5.0,Nora,respon admin cepat pengiriman lumayan packing tidak sesuai krn tidak pakai packing kayu padahal sudah dibayar jadinya kotaknya penyok2 untung isi dalamnya masih aman,4,Baik,
239,6.0,I***n,Protector hukan peruntukannya jd nggak ke pake,4,Baik,
240,7.0,Ademas,"Bayar instant dari malem sblmnya, katanya biar masuk pengiriman besok pagi, udh di chat2 tetep aja ternyata kirimnya siang, udh 3 jam pengiriman, gak gerak2 masih di slip... ",4,Baik,
241,8.0,T***t,Barang nya oke n cuma sayang pelayanan nya harus ditingatin lagi,4,Baik,
242,9.0,Hanif,"Alhamdulillah, akhirnya barangnya nyampe juga ğŸ˜ŒğŸ‘ Barang sampai dengan selamat dan cepat, dapat bonus mouse juga. Terimakasih Studio Ponsel, pelayanannya memuaskan ğŸ™ ta... ",4,Baik,
243,10.0,Herdi,"Laptop sesuai dgn deskripsi, sayang packaging cuman bubble wrap..penyok penyok dusnya",4,Baik,
244,11.0,Herdi,"Laptop sesuai dgn deskripsi, sayang packaging cuman bubble wrap..penyok penyok dusnya",4,Baik,
245,12.0,S***a,"pembelian ke dua disini, yang kedua ini kecewa dapetnya keyboard Japan. selebihnya ok, rekomended seller, barang cepet sampe dapat bonus screen protector dan keyboard pr... ",3,Biasa,
246,13.0,Ari,Pengiriman instan tapi dikirimnya besok.. ga diberitahu kalo include screen protector sama keyboard protector.. respon cs cepet banget,3,Biasa,
247,14.0,M***a,"Beli disini karena lihat ulasan dapat bonus, eh saya dikasi bonus juga, tapi tidak dapat dipakai",3,Biasa,
248,15.0,rosari,"customer ramah, cuma sayang casan magsafe saya baru hitungan berapa hari udah rusak, mau diklaim juga prosesnya ribet. ga rekomen sih guys. makasih",2,Buruk,
249,16.0,B***i,sudh 3 kali beli di sini secara kualitas barang tidak diragukan lagi dan terbaik..namun ada catatan saya beli 3 kali di toko ini dan semua kardus datang dalam keadaan pen... ,2,Buruk,
250,17.0,S***i,"Kapok beli dari sini, barang di curi oleh driver gosend dan seller tdk teliti dan lepas tangan",1,Sangat-buruk,
251,18.0,Seintia,Parah sih ini packingnya dengan harga segitu kalau pun info buat biaya packing lebih ke pembeli juga pasti dikasih.. Harusnya ada standart khusus untuk packing barang den... ,1,Sangat-buruk,
252,19.0,R,,1,Sangat-buruk,
253,0.0,Ahmad,touchpad seret susah digerakin,3,Biasa,
254,1.0,hendi,,2,Buruk,
255,2.0,nur,batrai cpet abis,3,Biasa,
256,3.0,Bismllahn,ok,3,Biasa,
257,4.0,Listiyo,Laptopnya sekarang mati ..tidak bisa dinyalakan,1,Sangat-buruk,
258,5.0,Alessandra,brang tidak bagus.. keyboard banyak tidak fungsi.. sdh ganti keyboard masih tidak bisa ..rusak mainboard.. tidak di rekomendasikan.. jangan belanja dsini.. kecewa berat.... ,1,Sangat-buruk,
259,6.0,salam,"Bintang satu artinya....""TAK SESUAI HARPAN"".",1,Sangat-buruk,
260,7.0,FERRY,tidak sesuai deskripsi,1,Sangat-buruk,
261,8.0,L***i,"teknisi tidak ramah, terkesan gak mau direpotkan, malah judgemental ke pembeli",1,Sangat-buruk,
262,9.0,a***e,mohon dibantu teman teman. penjual toko ini baik banget spartpart kondisi normal yg dikirim. semoga berkah unit lapotnya yg saya beli,1,Sangat-buruk,
263,10.0,R***i,,1,Sangat-buruk,
264,11.0,Sonya,"Beli 5, 1 kendala cmos, 2 port lan ga bisa connect lan. Colokan gepeng semuanya ternyatağŸ˜‚",3,Biasa,
265,12.0,Iwan,"pesen yg yg ram 8 GB di ksh yg 4gb..ga sesuai harapan,",3,Biasa,
266,13.0,Dicky,kondisi barang banyak bekas stiker yg gak dicopot2in & gak dibersihkan dulu,3,Biasa,
267,14.0,S***o,"respon cepat, mainboard normal, baterai ok, charger adaptor not ori, fisik bekas-baik, kesehatan HDD 72% banyak bad sector. setelah di install ulang bad sector nambah se... ",3,Biasa,
268,15.0,fatih,Unit yg saya dapat burik kondisinya. Semoga tambah jujur jualan nya,1,Sangat-buruk,
269,16.0,H***n,"di deskripsi tertera + Dual Batrai normal tapi setelah 2 hari baterai tidak support, katanya dapat tas juga ternyata tidak tapi bukan itu masalahnya, masalahnya adalah la... ",1,Sangat-buruk,
270,0.0,e***i,semoga awet . barang mulus.,5,Sangat-baik,
271,1.0,Muhammad,Mantabbbbbbbbbbbbbbbbbbbbbbb,5,Sangat-baik,
272,2.0,D***i,"udah dicek, spek sesuai deskripsi dan sejauh ini semua fitur berfungsi. worthy banget sih harga affordable dan kualitas oke. semoga bisa awet jangka panjang. thank you",5,Sangat-baik,
273,3.0,A***n,"Semoga awet amin, recommended.",5,Sangat-baik,
274,4.0,R***K,Sesuai spek,5,Sangat-baik,
275,5.0,Rina,"hallooo kak... mohon dibaca chatnya, maap itu tutup nya kemana ya?bisa dikirim ga tutup nya? khawatir kena air terima kasih",5,Sangat-baik,
276,6.0,Haniv,"recommended ğŸ‘ğŸ‘,.",5,Sangat-baik,
277,7.0,Budi,mantuuul,5,Sangat-baik,
278,8.0,Warmsilo,"respon cepat, masih mulus juga.",5,Sangat-baik,
279,9.0,Maulana,2x pesan barang yg dikirim mantap tidak mengecewakan dapat barang yg muluss battery bahkan kuat 5jam,5,Sangat-baik,
280,10.0,Y***s,"bagusssss, semoga awetğŸ™‡â€â™‚ï¸ seller responsif, thank you jangan ragu beli disini guys, super recomendedğŸ¥³ thanks juga Pak Pos Indonesia",5,Sangat-baik,
281,11.0,Achmad,"barang sudah sampai, barang sesuai dengan pesanan, di test lancar,internet jalan, ringan. thanks ya gan,,,,",5,Sangat-baik,
282,12.0,Teguh,"dapet barang mulus banget, mantep lah pokok na",5,Sangat-baik,
283,13.0,H***r,oke,5,Sangat-baik,
284,14.0,D***e,"Murah tp ga murahan. Sempet maju mundur buat beli, karena ga pernah beli brg second (takut zonk) tp abis mikir2 kalo buat kerja data doang ngapain mahal2. Akhirnya berani... ",5,Sangat-baik,
285,15.0,Rina,"hallooo kak... mohon dibaca chatnya, maap itu tutup nya kemana ya?bisa dikirim ga tutup nya? khawatir kena air terima kasih",4,Baik,
286,16.0,M***d,lumayan bagus. hanya ad sdikit goresan di kesing. tapi tdk mempengaruhi performa,4,Baik,
287,17.0,A***s,"Cukup mulus, cukup curiga setelah barang mendarat.bodi atas bagian engsel layar sebelah kanan terbuka, saya kira pecah ternyata tekniksi lupa mengencang semua baut. perfo... ",4,Baik,
288,18.0,Gallan,"laptop aman normal, cuma adaptornya ada masalah",4,Baik,
289,19.0,S***o,"pengiriman cepat, sesuai spesifikasi",4,Baik,
290,20.0,E***a,"respon penjual cepat,jg membantu Krn kiriman yg lebih dr estimasi pengiriman.packin msh aman ,produk berjalan sesuai..msh bagus. thanks",4,Baik,
291,21.0,H***n,"pembelian kesekian kalinya. pelapak sangat komunikatif, sangat bertanggung jawab siap ganti unit baru jika ada troble dan layanannya sangat cepat. pembelian kali ini mala... ",4,Baik,
292,22.0,w***n,Barang sesuai dengan deskripsi,4,Baik,
293,23.0,Asril,ok sih barangnya cuma agak kecewa krna tombol merah (trackpad) d tengahya ga ada,4,Baik,
294,24.0,Erik,"Secara keseluruhan bagus , fungsi baik , btrai awet Tapi ada pinggir nya yg gak rapet",4,Baik,
295,25.0,P***o,masih mulus dan sesuai Spec diiklankan,4,Baik,
296,26.0,Amir,"leptop sesuatu deskripsi aman mulus dan bekerja, cuma kurang kepala charger aja tp amanlah gapapa",4,Baik,
297,27.0,Aditya,oke udah direspon,4,Baik,
298,28.0,A***n,"overall mantap dri sekian kali mesen di sini ok semua, untuk unit yang ini keren ,kurang di speaker aja kurang kenceng suaranya, sama chargernya pake sambungan bukan yan... ",4,Baik,
299,29.0,M,barangnya sdh sampai sesuai harapan ğŸ‘ğŸ˜ tp terlambat dipengirimannya tp gak ap2 sich yg penting smpai barangnya ğŸ™ğŸ˜‡ğŸ¥°,4,Baik,
300,30.0,F***h,"barang sudah dicek sementara belum ada kendala kondisi laptop bagus, minus kurir lambat.",3,Biasa,
301,31.0,Ari,"Ada body laptopnya yang tidak terpasang dengan benar sehingga terlihat tidak enak, tetapi semua fungsi oke hanya sedikit kecewa dengan seller karena body laptopnya saja",3,Biasa,
302,32.0,Ivan,barangnya mulus,3,Biasa,
303,33.0,Edwardo,Salah satu rumah baut cover belakangnya slek* pas coba buat dikencengin tetep tidak bisa rapat. Jangan terlalu berharap sama barang second soal kondisi fisik. Fungsi aman... ,3,Biasa,
304,34.0,Baut,"Di deskripsi katanya dapat sticker keyboard gratis, ternyata ga dikasih, di chat ssd katanya 2245 (2242) pas dibuka ternyata ssd 2,5""",3,Biasa,
305,35.0,yusuf,Pengiriman,3,Biasa,
306,36.0,Irfan,sesuai deskripsi. bintang 3 krn pengiriman doang agak telat,3,Biasa,
307,37.0,Dio,"beli pertama puas, beli yg kedua, aplikasi tdk berfungsi dg baik",2,Buruk,
308,38.0,Arie,Penjual kurang gercep sat set sat set,2,Buruk,
309,39.0,i***n,"Barang tidak sesuai deskripsi, body ada retak dan kepala charher sompal",1,Sangat-buruk,
310,40.0,R***a,"barang datang, bagian layar ada yang terbuka. akhirnya barang diretur. setelah diretur barang tidak langsung dikirim balik sampai 2 hari, itu pun harus diingatkan di chat... ",1,Sangat-buruk,
311,41.0,L***o,kebanyakan trik.,1,Sangat-buruk,
312,42.0,Tuki,"gw pernah beli notebook ini, tepatnya beli rongsokan seharga 5 jt, keyboard macet +-17 digit, habis di sleep pasti layar error! garansi sebulan apanya!!!, ditanya ""g... ",1,Sangat-buruk,
313,0.0,santoso,layar pecah,1,,
314,1.0,Bagus,"gak sesuai gambar, kabel charger mati, casing belakang gak rapet, di tutup lakban, mousepad di klik susah, body asli 80-85%, gak sesuai sama foto, ada bekas kayak kebakar... ",1,,
315,2.0,Priatna,kecewa banget udah beli disini. banyak keybord yg rusak. pas di komplain katanya garansi udah void. padahal saya baru beli sekitar 25 hari belom sampe sebulan. gak sesua... ,1,,
316,3.0,E***o,Customer service nya jelek sekali!! Tidak Rekomendasi sama sekali!!,1,,
317,0.0,Adikrisna,"Admin responsif mantap, untuk barang memang ada harga ada barang, tapi overall sip!",5,Sangat-baik,
318,1.0,Adhan,"laptop agak cepet panas, barang lengkap semoga awet",5,Sangat-baik,
319,2.0,Heri,"Untuk pemakaian kerja ringan seperti mengetik dan browsing perangkat ini sudah sangat memadai, boleh dikatakan lebih dari cukup. Pengiriman cepat sampai, terimakasih sell... ",5,Sangat-baik,
320,3.0,oca,makasiiiii,5,Sangat-baik,
321,4.0,A***d,Bagus,5,Sangat-baik,
322,5.0,j***o,mantapppp,5,Sangat-baik,
323,6.0,nurmala,pelayanan nya ramahâ¤,5,Sangat-baik,
324,7.0,Jannatun,"Saya beli untuk anak. Dan anak pun suka. Mudah dioperasikan, bahannya bagus. Top!",5,Sangat-baik,
325,8.0,wegig,"bagus produknya, dan sesuai untuk pekerjaan2 yg tidak membutuh aplikasi yg berat2...",5,Sangat-baik,
326,9.0,P***u,Ketika barang sampai saya merasa puas sebab barang benar-benar mulus. Ekspektasi terhadap chromebook membuat saya sangat antusias. laptop juga tidak terkesan murahan. goo... ,5,Sangat-baik,
327,10.0,Arif,ManTRAPS,5,Sangat-baik,
328,11.0,N***m,Mantaap kualitas bagus barang cepat nyampe juga,5,Sangat-baik,
329,12.0,C***s,Terima kasih,5,Sangat-baik,
330,13.0,Julfandes,"Puas banget sama pelayannya, returnnya juga mudah dan tidak dipersulit. Baru pertama kali beli laptop eh kena Hot Pixel, untung masih bisa direturn dengan syarat vido unb... ",5,Sangat-baik,
331,14.0,Tentra,"Bekerja dengan baik laptopnyaâ€¦ lalu untuk packaging aman, cm mgkn buat ke depannya bs lebih tebal lagi wrap nya. Ketika barang sudah sampai kalau bs ada bukti foto yang n... ",5,Sangat-baik,
332,15.0,R***a,"Tidak cocok untuk mahasiswa, itu aja",4,Baik,
333,16.0,D***i,cocok buat kebutuhan office. ada kendala minus belum dapat mouse tapi segera diproses buat pengirimannya. lebih rekomen pakai ms office online daripada install aplikasi.,4,Baik,
334,17.0,rian,barang bagus peking nya aman,4,Baik,
335,18.0,Arif,"Sempat dikirim barang yang bermasalah, akhirnya di retur dan dikirim yang baru, agak bikin males karna harus nunggu lama lagi, no bonus, Semoga Awet.",4,Baik,
336,19.0,f***i,cukup bagus,4,Baik,
337,20.0,Muhammad,Barang sudah di Terima kemarin. aman..,4,Baik,
338,21.0,Ika,Ada kendala sedikit. Kurang dicek kelengkapan barang ketika dikirimkan. Mohon di upgrade pelayanan nya.,4,Baik,
339,22.0,M***M,"oke.. pemakaian enteng cukup oke, tapi sayang cuma bisa buka 2 akun saja nggak bisa lebih butuh bibit tanaman cek ""Agro Bibit Sentosa""",4,Baik,
340,23.0,wedhy,kondisi layar tidak normal ada bagian putihÂ² disetiap sudut,4,Baik,
341,24.0,F***r,mantap gannğŸ‘ğŸ»,4,Baik,
342,25.0,Agus,"Paket sdh diterima dg baik, berjalan normal. Hanya bagian sudut2 layar ada cahaya putih spt pernah tertekan layarnya.",4,Baik,
343,26.0,H***a,"Seller gercep & responsif. Packing plastik tanpa lapisan bubble wrap. ğŸ˜” Bundle normal = Bundle FS, tanpa ms office hanya beda harga ğŸ˜© 160 GB = 32 GB E-mmc + 128 GB... ",4,Baik,
344,27.0,B***g,pengiriman cepat & packing aman,4,Baik,
345,28.0,A***i,"Begitu ada kendala, langsung direspon dengan baik oleh penjualnya",4,Baik,
346,29.0,Dwi,"alhamdullilah brng nya bgus sih,,tp pngiriman nya agak lama,,,tlng kdpn nya LBH baik lg dan respon nya jga LBH cpet.",4,Baik,
347,30.0,attha,"paket datang tanpa ada packing kayu, padahal isinya barang elektronik, buat kedepan nya tolong di packing kayu, karna biaya proteksi nya lumayan mahal kalo hanya packing... ",3,Biasa,
348,0.0,R***y,"Laptopnya ga pernah smp k tgn sy, ktnya krm pake kurir toko tau2 bermasalah dan ga pernah terima brg",1,Sangat-buruk,
349,1.0,toni,payah,1,Sangat-buruk,
350,2.0,Ameyraa,"Sudah ajukan complain di tolak dengan alasan pesanan sudah selesai, pd hal sudah sesuai arahan buat video unboxing pada saat barang di terima SD-2-0HY7BBUNJSVSNXOYO3KC",1,Sangat-buruk,
351,3.0,Hasan,,1,Sangat-buruk,
352,4.0,B***i,"kurir nya tlg di tegur , kl Naro brg jgn asal taro aja apalagi isi nya laptop , dah d info ke toko kl sy ga ada d rmh , minimal itu kurir telp dlu ..kl brg itu d curi ora... ",2,Buruk,
353,5.0,A***e,bisa diberikan penjelasan bahwa laptop tidak bisa install Microsoft Office.,2,Buruk,
354,6.0,jeffry,barang yg pertama dibagian bawah warna agak buram. barang yg kedua tidak plastik transparan yg menempel pada bagian atas chromebook. saya merasa barangnya seperti bukan b... ,2,Buruk,
355,7.0,Andhi,,2,Buruk,
356,8.0,Dewantara,gak dpt cashback 500rb hemmm,3,Biasa,
357,9.0,Hansen,"Produk bagus garansi resmi, sayang pelayanan masih kurang, pesan minggu janji senin dikirim, ternyata selasa dikirim rabu sampainya, padahal paket JNE YES",3,Biasa,
358,10.0,M***n,"+ produk mulus tersegel dan berfunsi dengan baik - pelayanan seller kurang memuaskan, pesan jumat, dikirim senin malam. Seharusnya jika tidak bisa kirim hari jumat, bilan... ",3,Biasa,
359,11.0,S***l,pengiriman lambat,3,Biasa,
360,,Nurul,Barang bagus sesuai dengan deskripsi produk,5,Sangat-baik,
361,,Rahadian,"packing rapih dan aman, laptop berfungsi baik, pelayanan cepat",5,Sangat-baik,
362,,Mulyadi,Alhamdulilah barang tiba dengan cepat.. barang ok,5,Sangat-baik,
363,,Titiek,sudah di terima dengan baik dan sesuai. hanya terkendala di pengiriman yg cukup meresahkan dan lama. karena tracking tidak jalan. but overall jkt - bali aman. pakai asura... ,5,Sangat-baik,
364,,sophia,mmmmmmmmmaaaaaaaaannnnnnnnnnnntttttttaaaaaabbbbbbbbb,5,Sangat-baik,
365,,I***n,"datengnya cepet dan barang'nya original, fast respon, official store emang the best",5,Sangat-baik,
366,,Deannissa,"Pengirimannya cepat, walaupun pakai yang reguler. Packaging aman, anti basah padahal udah deg2an musim hujan. Desain laptopnya bagus, simple but elegant. Dapet tas laptop... ",5,Sangat-baik,
367,,B***y,Puji Tuhan barangnya sudah diterima malam ini juga jam 10mlm. toko responsif. semoga bermanfaat utk anak saya dlm pendidikannya. utk pak Suwandi driver grab semoga sehat... ,5,Sangat-baik,
368,,A***w,Laptopnya oke ğŸ‘ specs sesuai .. setelah pemakaian 3 Minggu lancar jaya ..,5,Sangat-baik,
369,,N***i,good pokonya recommended bgt nih laptop pesan tadi siang jam 6 sore sampai. respon cs sangan baik n sabar .kurir cepat good pokonya,5,Sangat-baik,
370,,Asep,keren si... mantappppppppppppppppppppp dahhh gk diragukan lagi... keren keren keren,5,Sangat-baik,
371,,Elwimetri,overall good... recommended sellers... thanks alot,5,Sangat-baik,
372,,Captaw,"Original, berfungsi dengan baik, Windows OHS ori, dapat free tas dan cashback gopay...",5,Sangat-baik,
373,,G***a,pengiriman cepat barang sampai dengan aman,5,Sangat-baik,
374,,P***i,"Pengiriman barang agak lambat karena ada dibatalkan oleh kurir ekspedisi, pengecekan dan review kualitas barang menunggu penerima balik dari tugas luar kota.",5,Sangat-baik,
375,,Taufik,baru dicoba ON belum dijelajahi....oh enteng bener ya dibawa ke kampus tidak menjadi beban,4,Baik,
376,,Cecep,product ori dan sesuai display,4,Baik,
377,,R***a,"puas banget sama pelayanan toko nya, barangnya juga bagus banget. cuman agak kecewa sama pihak ekspedisi, mudah mudahan kedepannya ga gitu lagi..",4,Baik,
378,,fatma,"packing bagus, barang ori, dapat tas laptop jg cuma pengiriman sempat terhambat jd melebihi batas waktu. harus setting online pas pertama nyalain",4,Baik,
379,,P***i,"lumayan cepet datengnya, pengemasan lumayan aman pakai bubble wrap nya lumayan tebel, btw thank you",4,Baik,
380,,fictor,Mmhh pengiriman aga lama mungkin karna lagi bersamaan sama libur paskah.. dus luarnya penyot2 takutnya barang rusak. Untungnya dus laptop di bungkus rapat aman dan baik..... ,4,Baik,
381,,R***a,"ok, barang mulus",4,Baik,
382,,A***g,"Pengiriman cepat, packing laptopnya rapi rapet masih gress... Cuma kardus luarnya kebuka kurang rapet lakbannya.",4,Baik,
383,,Sahid,"alhamdulillah paket datang tepat waktu, maaf telat kasih ulasannya. produk original, karena dari official HP langsung. packing sebetulnya sudah bagus, tapi karena dibawa... ",4,Baik,
384,,D***N,"baru 1 hari wifi ga terdeteksi, part WLAN rusak, kl penanganan di service center ga sesuai harapan, bintang 1 deh dan ga akan lagi beli produk hp.",3,Biasa,
385,,Dody,"pengiriman sangat lama, hampir sebulan baru barangnya tiba, dusnya sampe udah penyok. respon adminnya sangat baik, tapi jasa kurirnya yg mungkin harus diperhatikan.",3,Biasa,
386,,,,3,Biasa,
387,,,,3,Biasa,
388,,,,3,Biasa,
389,,,,3,Biasa,
390,,,,3,Biasa,
391,,,,3,Biasa,
392,,,,3,Biasa,
393,,Rajiman,"Barang bagus ,admin nya kaku cuman balas pake format copy paste. Packing laptop tidak ada tambahan kayu dan beresiko",2,Buruk,
394,,Jovi,,2,Buruk,
395,,Muhammad,"Barangnya ok, tapi Customer Servicenya merendahkan saya. Sampe nyuruh beli Core i5 kalo mau cepet... coba atasan/timnya baca chat dgn saya yg lengkap, akan ketauan.",1,Sangat-buruk,
396,,Fachrur,"Office nya cuma berlaku beberapa hari dan saya dilempar2 utk telfon sana sini dan TIDAK MEMBANTU, suruh tunggu 4-5 hari kerja sementara office nya cuma berakhir 2 hari la... ",1,Sangat-buruk,
397,,Benny,,1,Sangat-buruk,
398,,f***d,,1,Sangat-buruk,
